
[6.5s] Spawning World
[0.9s] Terrain Mesh
[0.6s] Train Track Collation
[2.1s] Processing World
Generated ocean patrol path with node count: 321
[14.5s] Ocean Patrol Paths
[3.1s] Finalizing World
[0.6s] Cleaning Up
[UnityNavmesh] Starting Navmesh Source Collecting
[UnityNavmesh] Navmesh Source Collecting took 2.36 seconds
[UnityNavmesh] Starting Navmesh Build with 88691 sources
[UnityNavmesh] Calling UpdateNavMesh took 0.2737617
[UnityNavmesh] 2%
[UnityNavmesh] 3%
Shutting down compiler because idle shutdown
[UnityNavmesh] 99%
Compiler shutdown completed
[UnityNavmesh] Navmesh Build took 40.57 seconds
[UnityNavmesh] Starting Navmesh Source Collecting
[UnityNavmesh] Navmesh Source Collecting took 0.00 seconds
[UnityNavmesh] Starting Monument Navmesh Build with 323 sources
[UnityNavmesh] 14%
[UnityNavmesh] 84%
[UnityNavmesh] Monument Navmesh Build took 1.06 seconds
[UnityNavmesh] Starting Navmesh Source Collecting
[UnityNavmesh] Navmesh Source Collecting took 0.00 seconds
[UnityNavmesh] Starting Monument Navmesh Build with 1792 sources
[UnityNavmesh] 81%
[UnityNavmesh] Monument Navmesh Build took 0.81 seconds
[UnityNavmesh] Starting Navmesh Source Collecting
[UnityNavmesh] Navmesh Source Collecting took 0.83 seconds
[UnityNavmesh] Starting Monument Navmesh Build with 6294 sources
[UnityNavmesh] 1%
[UnityNavmesh] 79%
[UnityNavmesh] Monument Navmesh Build took 31.96 seconds
[UnityNavmesh] Starting Navmesh Source Collecting
[UnityNavmesh] Navmesh Source Collecting took 0.00 seconds
[UnityNavmesh] Starting Monument Navmesh Build with 2290 sources
[UnityNavmesh] 1%
[UnityNavmesh] 22%
[UnityNavmesh] 88%
[UnityNavmesh] Monument Navmesh Build took 2.06 seconds
[UnityNavmesh] Starting Navmesh Source Collecting
[UnityNavmesh] Navmesh Source Collecting took 0.26 seconds
[UnityNavmesh] Starting Monument Navmesh Build with 2389 sources
[UnityNavmesh] 95%
[UnityNavmesh] Monument Navmesh Build took 2.46 seconds
[UnityNavmesh] Starting Navmesh Source Collecting
[UnityNavmesh] Navmesh Source Collecting took 0.29 seconds
[UnityNavmesh] Starting Monument Navmesh Build with 2197 sources
[UnityNavmesh] 85%
[UnityNavmesh] 87%
[UnityNavmesh] Monument Navmesh Build took 2.79 seconds
[UnityNavmesh] Starting Navmesh Source Collecting
[UnityNavmesh] Navmesh Source Collecting took 0.33 seconds
[UnityNavmesh] Starting Monument Navmesh Build with 2873 sources
[UnityNavmesh] 43%
[UnityNavmesh] 89%
[UnityNavmesh] Starting Navmesh Source Collecting
[UnityNavmesh] Monument Navmesh Build took 1.37 seconds
[UnityNavmesh] Navmesh Source Collecting took 0.06 seconds
[UnityNavmesh] Starting Monument Navmesh Build with 1838 sources
[UnityNavmesh] 85%
[UnityNavmesh] Monument Navmesh Build took 0.53 seconds
[UnityNavmesh] Starting Navmesh Source Collecting
[UnityNavmesh] Navmesh Source Collecting took 0.06 seconds
[UnityNavmesh] Starting Monument Navmesh Build with 886 sources
[UnityNavmesh] Monument Navmesh Build took 0.27 seconds
[UnityNavmesh] Starting Navmesh Source Collecting
[UnityNavmesh] Navmesh Source Collecting took 0.02 seconds
[UnityNavmesh] Starting Dungeon Navmesh Build with 19290 sources
[UnityNavmesh] 3%
[UnityNavmesh] 21%
[UnityNavmesh] Starting Navmesh Source Collecting
[UnityNavmesh] Monument Navmesh Build took 2.07 seconds
[UnityNavmesh] Navmesh Source Collecting took 0.00 seconds
[UnityNavmesh] Starting Dungeon Navmesh Build with 1017 sources
[UnityNavmesh] 23%
[UnityNavmesh] Monument Navmesh Build took 0.28 seconds
Destroying 4481 old entities
	done.
hostname: RaidLands | 1000X PvP | Kits | TP | Clans | Instant Craft
version : 2631 secure (secure mode enabled, connected to Steam3)
map     : Procedural Map
players : 0 (250 max) (0 queued) (0 joining)

id name ping connected addr owner violation kicks entityId 

Spawning 33 entities from map
	done.
Spawning 43569 entities from save
	done.
Postprocessing 33 entities from map
	done.
Postprocessing 33 entities from save
Starting to load entities into GlobalNetworkHandler...
Took 8ms to load entities into GlobalNetworkHandler
	done.
Enforcing SpawnPopulation Limits
	done.
Initializing 43741 entity links
	done.
Initializing 754 stability supports
	done.
Initializing 43569 entity save caches
	done.
Gamemode Convar :
No Gamemode.
Loaded 623493 occlusion sub-chunks from file - took 0.0960255 seconds
[Rust.MapCache] Map uploaded to backend: https://files.facepunch.com/rust/maps/78f52e8e323ccf69ff0f8abe3536651f61695ae50d0f173367a77c1f9c102a86/proceduralmap.3500.1247720238.286_78f52e8e323ccf69ff0f8abe3536651f.map
SteamServer Initialized
[Arkan] Arkan Init: map seed: 1247720238, map size: 3500, server timestamp: 2026.7.9.10.4
[Arkan] Error: Discord reports enabled but plugin DiscordMessages not loaded!
[BetterLoot] Configuration changes saved to BetterLoot.json
[BetterLoot] Saved LootTables.json
[BetterLoot] Saved LootGroups.json
[BetterLoot] Using '97' active of '132' supported container types
[BetterLoot] Configuration changes saved to BetterLoot.json
[BetterLoot] Updating internals ...
[Blueprint Manager] Configuration changes saved to BlueprintManager.json
[Clans] Initializing Clans...
[Clans] Loaded 5 clans!
Trying to load assembly: System.ComponentModel.TypeConverter
[Cupboard Limiter] Warning !!
----------------------------------
No Webhook has been assigned yet !
----------------------------------
[Custom Vending Setup] MonumentFinder is not loaded, so you won't be able to save vending machine customizations relative to monuments.
[Discord Roles] Server group does not exist: 'VIP'. Please create the group or correct the name
[Discord Roles] Discord role ID does not exist: '0'.
Please fix the role ID.
[Discord Roles] Discord Roles Ready
[FancyDrop] Map Highest Point: (500m) | Plane flying height: (~500m)
[FancyDrop] Timed Airdrop activated with '1' players between '30' and '60' minutes
[FancyDrop] Builtin Airdrop removed
[FancyDrop] Next timed Airdrop in 40 minutes
Loading inbuilt skin manifest from GitHub...
[LiveAdmin] Registered 41 LiveAdmin permissions.
[NTeleportation] Rust was upgraded or map changed - clearing homes and all locations!
[PlayerDLCAPI] - Waiting for Steam inventory definitions to be updated. Total wait time : 1.9s
[PortableAirstrikes] Loaded 18 enabled strike definition(s). Charge-backed CID targeting binoculars, automatic tool ping targeting, persisted manual player defaults, scrollable CUI selection, high-rate visual delivery flyovers/artillery sources with autoload-safe repeated sound cues, loot item injection, monument blocking, audit logging/webhooks, cancellable warning calls, heavy warning markers, in-game warning fanout diagnostics, and direct-command executors are active in v0.1.37.
Agent still not on navmesh after a warp. No navmesh areas matching agent type? Agent type: 0
[RaidlandsRoamBots] Prefab assets/rust.ai/agents/npcplayer/humannpc/scientist/scientistnpc_roam.prefab spawned but its navigator could not be placed on navmesh; trying the next candidate.
Agent still not on navmesh after a warp. No navmesh areas matching agent type? Agent type: 0
[RaidlandsRoamBots] Prefab assets/rust.ai/agents/npcplayer/humannpc/scientist/scientistnpc_full_any.prefab spawned but its navigator could not be placed on navmesh; trying the next candidate.
Agent still not on navmesh after a warp. No navmesh areas matching agent type? Agent type: 0
Agent still not on navmesh after a warp. No navmesh areas matching agent type? Agent type: 0
Agent still not on navmesh after a warp. No navmesh areas matching agent type? Agent type: 0
Agent still not on navmesh after a warp. No navmesh areas matching agent type? Agent type: 0
Agent still not on navmesh after a warp. No navmesh areas matching agent type? Agent type: 0
Agent still not on navmesh after a warp. No navmesh areas matching agent type? Agent type: 0
Agent still not on navmesh after a warp. No navmesh areas matching agent type? Agent type: 0
Agent still not on navmesh after a warp. No navmesh areas matching agent type? Agent type: 0
Agent still not on navmesh after a warp. No navmesh areas matching agent type? Agent type: 0
Agent still not on navmesh after a warp. No navmesh areas matching agent type? Agent type: 0
Agent still not on navmesh after a warp. No navmesh areas matching agent type? Agent type: 0
Agent still not on navmesh after a warp. No navmesh areas matching agent type? Agent type: 0
Agent still not on navmesh after a warp. No navmesh areas matching agent type? Agent type: 0
Agent still not on navmesh after a warp. No navmesh areas matching agent type? Agent type: 0
Agent still not on navmesh after a warp. No navmesh areas matching agent type? Agent type: 0
Agent still not on navmesh after a warp. No navmesh areas matching agent type? Agent type: 0
Agent still not on navmesh after a warp. No navmesh areas matching agent type? Agent type: 0
Agent still not on navmesh after a warp. No navmesh areas matching agent type? Agent type: 0
Agent still not on navmesh after a warp. No navmesh areas matching agent type? Agent type: 0
Agent still not on navmesh after a warp. No navmesh areas matching agent type? Agent type: 0
Agent still not on navmesh after a warp. No navmesh areas matching agent type? Agent type: 0
Agent still not on navmesh after a warp. No navmesh areas matching agent type? Agent type: 0
Agent still not on navmesh after a warp. No navmesh areas matching agent type? Agent type: 0
Agent still not on navmesh after a warp. No navmesh areas matching agent type? Agent type: 0
Agent still not on navmesh after a warp. No navmesh areas matching agent type? Agent type: 0
Agent still not on navmesh after a warp. No navmesh areas matching agent type? Agent type: 0
Agent still not on navmesh after a warp. No navmesh areas matching agent type? Agent type: 0
Agent still not on navmesh after a warp. No navmesh areas matching agent type? Agent type: 0
Agent still not on navmesh after a warp. No navmesh areas matching agent type? Agent type: 0
Agent still not on navmesh after a warp. No navmesh areas matching agent type? Agent type: 0
Agent still not on navmesh after a warp. No navmesh areas matching agent type? Agent type: 0
Agent still not on navmesh after a warp. No navmesh areas matching agent type? Agent type: 0
Agent still not on navmesh after a warp. No navmesh areas matching agent type? Agent type: 0
Agent still not on navmesh after a warp. No navmesh areas matching agent type? Agent type: 0
Agent still not on navmesh after a warp. No navmesh areas matching agent type? Agent type: 0
Agent still not on navmesh after a warp. No navmesh areas matching agent type? Agent type: 0
Agent still not on navmesh after a warp. No navmesh areas matching agent type? Agent type: 0
Agent still not on navmesh after a warp. No navmesh areas matching agent type? Agent type: 0
Agent still not on navmesh after a warp. No navmesh areas matching agent type? Agent type: 0
Agent still not on navmesh after a warp. No navmesh areas matching agent type? Agent type: 0
Agent still not on navmesh after a warp. No navmesh areas matching agent type? Agent type: 0
Agent still not on navmesh after a warp. No navmesh areas matching agent type? Agent type: 0
Agent still not on navmesh after a warp. No navmesh areas matching agent type? Agent type: 0
Agent still not on navmesh after a warp. No navmesh areas matching agent type? Agent type: 0
Agent still not on navmesh after a warp. No navmesh areas matching agent type? Agent type: 0
Agent still not on navmesh after a warp. No navmesh areas matching agent type? Agent type: 0
Agent still not on navmesh after a warp. No navmesh areas matching agent type? Agent type: 0
Agent still not on navmesh after a warp. No navmesh areas matching agent type? Agent type: 0
Agent still not on navmesh after a warp. No navmesh areas matching agent type? Agent type: 0
Agent still not on navmesh after a warp. No navmesh areas matching agent type? Agent type: 0
Agent still not on navmesh after a warp. No navmesh areas matching agent type? Agent type: 0
Agent still not on navmesh after a warp. No navmesh areas matching agent type? Agent type: 0
Agent still not on navmesh after a warp. No navmesh areas matching agent type? Agent type: 0
Agent still not on navmesh after a warp. No navmesh areas matching agent type? Agent type: 0
Agent still not on navmesh after a warp. No navmesh areas matching agent type? Agent type: 0
Agent still not on navmesh after a warp. No navmesh areas matching agent type? Agent type: 0
Agent still not on navmesh after a warp. No navmesh areas matching agent type? Agent type: 0
Agent still not on navmesh after a warp. No navmesh areas matching agent type? Agent type: 0
Agent still not on navmesh after a warp. No navmesh areas matching agent type? Agent type: 0
Agent still not on navmesh after a warp. No navmesh areas matching agent type? Agent type: 0
Agent still not on navmesh after a warp. No navmesh areas matching agent type? Agent type: 0
Agent still not on navmesh after a warp. No navmesh areas matching agent type? Agent type: 0
Agent still not on navmesh after a warp. No navmesh areas matching agent type? Agent type: 0
Agent still not on navmesh after a warp. No navmesh areas matching agent type? Agent type: 0
Agent still not on navmesh after a warp. No navmesh areas matching agent type? Agent type: 0
Agent still not on navmesh after a warp. No navmesh areas matching agent type? Agent type: 0
Agent still not on navmesh after a warp. No navmesh areas matching agent type? Agent type: 0
Agent still not on navmesh after a warp. No navmesh areas matching agent type? Agent type: 0
Agent still not on navmesh after a warp. No navmesh areas matching agent type? Agent type: 0
Agent still not on navmesh after a warp. No navmesh areas matching agent type? Agent type: 0
Agent still not on navmesh after a warp. No navmesh areas matching agent type? Agent type: 0
Agent still not on navmesh after a warp. No navmesh areas matching agent type? Agent type: 0
Agent still not on navmesh after a warp. No navmesh areas matching agent type? Agent type: 0
Agent still not on navmesh after a warp. No navmesh areas matching agent type? Agent type: 0
Agent still not on navmesh after a warp. No navmesh areas matching agent type? Agent type: 0
Agent still not on navmesh after a warp. No navmesh areas matching agent type? Agent type: 0
Agent still not on navmesh after a warp. No navmesh areas matching agent type? Agent type: 0
Agent still not on navmesh after a warp. No navmesh areas matching agent type? Agent type: 0
Agent still not on navmesh after a warp. No navmesh areas matching agent type? Agent type: 0
Agent still not on navmesh after a warp. No navmesh areas matching agent type? Agent type: 0
Agent still not on navmesh after a warp. No navmesh areas matching agent type? Agent type: 0
Agent still not on navmesh after a warp. No navmesh areas matching agent type? Agent type: 0
Agent still not on navmesh after a warp. No navmesh areas matching agent type? Agent type: 0
Agent still not on navmesh after a warp. No navmesh areas matching agent type? Agent type: 0
[RaidlandsRoamBots] Raidlands roam bots enabled. Target population: 50.
Calling 'OnServerInitialized' on 'RaidlandsRoamBots v0.3.71' took 682ms [GARBAGE COLLECT]
[RaidlandsSentryTurrets] Repaired 21 unmanaged ownerless sentry turret(s) back to native peacekeeper behavior.
[RaidlandsVehicleTokens] Registered CID vehicle token 'raidlands.vehicle.token.minicopter' itemId=-395118501 parent=scrap maxStackSize=100.
[RaidlandsVehicleTokens] Registered CID vehicle token 'raidlands.vehicle.token.scrap_transport_helicopter' itemId=-395118502 parent=scrap maxStackSize=100.
[RaidlandsVehicleTokens] Registered CID vehicle token 'raidlands.vehicle.token.attack_helicopter' itemId=-395118503 parent=scrap maxStackSize=100.
[RaidlandsVehicleTokens] Registered CID vehicle token 'raidlands.vehicle.token.rhib' itemId=-395118504 parent=scrap maxStackSize=100.
[RaidlandsVehicleTokens] Registered CID vehicle token 'raidlands.vehicle.token.tugboat' itemId=-395118505 parent=scrap maxStackSize=100.
[RaidlandsVehicleTokens] Registered CID vehicle token 'raidlands.vehicle.token.solo_submarine' itemId=-395118506 parent=scrap maxStackSize=100.
[RaidlandsVehicleTokens] Registered CID vehicle token 'raidlands.vehicle.token.duo_submarine' itemId=-395118507 parent=scrap maxStackSize=100.
[RaidlandsVehicleTokens] Registered CID vehicle token 'raidlands.vehicle.token.snowmobile' itemId=-395118508 parent=scrap maxStackSize=100.
[RaidlandsVehicleTokens] Registered CID vehicle token 'raidlands.vehicle.token.hot_air_balloon' itemId=-395118509 parent=scrap maxStackSize=100.
[Rust Map Api] Validating existing images
[Server Armour] Server Ports are, Game Port: 25607 | Query Port:25681 | RCON Port: 25660
[SharedDoors] SharedDoors now hooking to Clans by k1lly0u
[SharedDoors] Rust Friends by MrBlue has not been found.
[Sign Artist] Waiting for Steamworks to update item definitions....
Skins has replaced the 'ss' chat command previously registered by SkinSets
[Smart Chat Bot] Detected Better Chat. Make sure you enabled it in your configuration.
[WebsiteClanBridge] Clan bridge SharedSecret source: WEBSITE_VIP_SHARED_SECRET in oxide/config/Secrets.local.json; length: 34; fingerprint: 36f5f62a1bea
[WebsiteClanBridge] WebsiteClanBridge polling clan actions every 30 seconds.
[WebsiteClanBridge] WebsiteClanBridge syncing clan snapshots every 180 seconds.
[WebsiteMapBridge] Map bridge SharedSecret source: WEBSITE_VIP_SHARED_SECRET in oxide/config/Secrets.local.json via oxide/config/WebsiteVipBridge.json; length: 34; fingerprint: 36f5f62a1bea
[WebsiteVipBridge] Bridge SharedSecret source: WEBSITE_VIP_SHARED_SECRET in oxide/config/Secrets.local.json; length: 34; fingerprint: 36f5f62a1bea
[WebsiteVipBridge] WebsiteVipBridge syncing kits every 180 seconds.
[WebsiteVipBridge] WebsiteVipBridge syncing permissions every 180 seconds.
[WebsiteVipBridge] WebsiteVipBridge posting server status heartbeat every 30 seconds.
[WebsiteVipBridge] WebsiteVipBridge polling RP purchases every 30 seconds.
[WebsiteVipBridge] WebsiteVipBridge polling RP point requests every 30 seconds.
[WebsiteVipBridge] WebsiteVipBridge syncing VIP every 120 seconds and stats every 300 seconds.
Server startup complete
[Rust.MapCache-Images] Image uploaded to backend: https://files.facepunch.com/rust/map-images/c021a6d4fdc4f09b10120f76fcb1d414c23f487e952b424a96d0fe136b35acb1/proceduralmap.3500.1247720238.286_c021a6d4fdc4f09b10120f76fcb1d414.jpg
[BetterLoot] No stacked LootContainer found.
[BetterLoot] Populated (320) supported loot containers.
Skin manifest imported successfully
[Server Armour] connected
[Server Armour] Connected to SA API | Server ID = 15020
[Server Armour] Server Armour has initialized.
[Entity Limit] Organizing data for plugin, it can take a while, expect small lag
[Discord Roles] Message: Starting sync for 3 linked players
SteamServer Connected
[Rust Map Api] Default 1x1 not found removing
[CSharp] Started Oxide.Compiler v successfully
[Rust Map Api] Default 2x2 not found removing
[Rust Map Api] Icons 1x1 not found removing
[Rust Map Api] Icons 2x2 not found removing
[Rust Map Api] Validating config has latest monuments
[Image Library] Starting order Kits
[WebsiteMapBridge] Cannot publish map because RustMapApi is not ready yet.
[Entity Limit] Entity data was organized!
BradleyAPC Spawned at :(-513.11, 35.65, 130.03)
InfiniteVendingStock was compiled successfully in 1287ms
Unloaded plugin Infinite Vending Stock v1.0.2 by Rustic
Loaded plugin Infinite Vending Stock v1.0.2 by Rustic
[WebsiteVipBridge] Stats snapshot synced for 67 players and 2902 bots.
[WebsiteClanBridge] Clan snapshot synced for 5 clans.
[RaidlandsRoamBots] Despawned roam bot after invalid terrain/nav position at -942.4, 38.7, -804.9 (terrain=38.6, terrainDelta=0.1, physicalSurface=56.4, physDelta=-17.7, belowTerrain=False, belowPhysical=True, waterMap=-500.0, waterSurface=-500.0, underwater=False, safeZone=False, baseRestricted=False, unityNavSample=-942.4, 38.8, -804.9).
[Random Respawner] Successfully found 1690 spawn positions.
[WebsiteVipBridge] Posted kit snapshot to website.
Image batch (Kits) has been stored successfully
[Rust Map Api] Loaded image icons
[Rust Map Api] Map Render Took: 1.91 Seconds
[Rust Map Api] Icon Render Took: 0.28 Seconds
[Rust Map Api] Default Encoding Took: 0.05 Seconds
[Rust Map Api] Icons Encoding Took: 0.05 Seconds
[Rust Map Api] Default 2x2 Split Took: 0.16 Seconds
[Rust Map Api] Icons 2x2 Split Took: 0.07 Seconds
[Image Library] Starting order Server Rewards
Agent still not on navmesh after a warp. No navmesh areas matching agent type? Agent type: 0
Agent still not on navmesh after a warp. No navmesh areas matching agent type? Agent type: 0
Checking for new Steam Item Definitions..
[WebsiteVipBridge] Posted permission snapshot to website (574 permissions, 51 groups).
[Copy Paste] Skin detection initialized: 6435 official skins, 366 DLC items. Processing 0 queued paste(s).
Image batch (Server Rewards) has been stored successfully
Kits and ServerRewards were compiled successfully in 1543ms
Unloaded plugin Kits v4.4.9 by k1lly0u
Unloaded plugin Server Rewards v2.0.8 by k1lly0u
Loaded plugin Kits v4.4.9 by k1lly0u
Loaded plugin Server Rewards v2.0.8 by k1lly0u
[Image Library] Starting order Kits
[WebsiteVipBridge] Permission sync has no update; website revision=1783280152, local revision=1783280152.
[Rust Map Api] Starting render for plugin WebsiteMapBridge
[Rust Map Api] Render for plugin WebsiteMapBridge took: 2.15 Seconds
Calling 'CreatePluginImage' on 'RustMapApi v1.3.3' took 2195ms
[WebsiteMapBridge] Publishing Icons map to website (1750x1750, 484213 bytes) after RustMapApi ready.
[RaidlandsRoamBots] Despawned roam bot after invalid terrain/nav position at 14.8, 15.2, -514.5 (terrain=14.9, terrainDelta=0.3, physicalSurface=14.9, physDelta=0.3, belowTerrain=False, belowPhysical=False, waterMap=15.5, waterSurface=15.5, underwater=True, safeZone=False, baseRestricted=False, unityNavSample=14.8, 15.3, -514.5).
Agent still not on navmesh after a warp. No navmesh areas matching agent type? Agent type: 0
[RaidlandsRoamBots] Prefab assets/rust.ai/agents/npcplayer/humannpc/scientist/scientistnpc_roam.prefab spawned but its navigator could not be placed on navmesh; trying the next candidate.
Agent still not on navmesh after a warp. No navmesh areas matching agent type? Agent type: 0
[RaidlandsRoamBots] Prefab assets/rust.ai/agents/npcplayer/humannpc/scientist/scientistnpc_full_any.prefab spawned but its navigator could not be placed on navmesh; trying the next candidate.
[WebsiteMapBridge] Website map published: https://raidlands.net/assets/media/maps/raidlands-main/current.jpg
Image batch (Kits) has been stored successfully
[Server Armour] Map sync already complete for 4500/775642565.
[RaidlandsRoamBots] Despawned roam bot after invalid terrain/nav position at 2.2, 13.1, -507.1 (terrain=12.9, terrainDelta=0.2, physicalSurface=12.8, physDelta=0.2, belowTerrain=False, belowPhysical=False, waterMap=15.4, waterSurface=15.4, underwater=True, safeZone=False, baseRestricted=False, unityNavSample=2.2, 13.2, -507.1).
[RaidlandsRoamBots] Despawned roam bot after invalid terrain/nav position at -0.2, 13.0, -506.0 (terrain=12.8, terrainDelta=0.2, physicalSurface=12.8, physDelta=0.2, belowTerrain=False, belowPhysical=False, waterMap=15.4, waterSurface=15.4, underwater=True, safeZone=False, baseRestricted=False, unityNavSample=-0.2, 13.1, -506.0).
[WebsiteVipBridge] Posted permission snapshot to website (574 permissions, 51 groups).
Agent still not on navmesh after a warp. No navmesh areas matching agent type? Agent type: 0
Agent still not on navmesh after a warp. No navmesh areas matching agent type? Agent type: 0
Agent still not on navmesh after a warp. No navmesh areas matching agent type? Agent type: 0
Agent still not on navmesh after a warp. No navmesh areas matching agent type? Agent type: 0
Scientist[38] was killed by Scientist[76] at (-644.33, 12.16, -299.87)
Scientist[76] was killed by Scientist[44] at (-723.58, 28.18, -162.30)
Agent still not on navmesh after a warp. No navmesh areas matching agent type? Agent type: 0
Agent still not on navmesh after a warp. No navmesh areas matching agent type? Agent type: 0
Agent still not on navmesh after a warp. No navmesh areas matching agent type? Agent type: 0
Agent still not on navmesh after a warp. No navmesh areas matching agent type? Agent type: 0
Scientist[44] was killed by Scientist[75] at (-653.91, 37.74, -172.53)
Scientist[75] was killed by Scientist[40] at (-733.06, 27.62, -162.32)
Scientist[59] was killed by Scientist[83] at (978.22, 10.11, 1221.67)
Scientist[83] was killed by Scientist[60] at (984.18, 10.24, 1222.73)
Agent still not on navmesh after a warp. No navmesh areas matching agent type? Agent type: 0
Agent still not on navmesh after a warp. No navmesh areas matching agent type? Agent type: 0
Agent still not on navmesh after a warp. No navmesh areas matching agent type? Agent type: 0
Agent still not on navmesh after a warp. No navmesh areas matching agent type? Agent type: 0
Agent still not on navmesh after a warp. No navmesh areas matching agent type? Agent type: 0
Agent still not on navmesh after a warp. No navmesh areas matching agent type? Agent type: 0
Agent still not on navmesh after a warp. No navmesh areas matching agent type? Agent type: 0
Agent still not on navmesh after a warp. No navmesh areas matching agent type? Agent type: 0
[RaidlandsRoamBots] Despawned roam bot after invalid terrain/nav position at 1.8, 13.2, -493.6 (terrain=12.9, terrainDelta=0.3, physicalSurface=12.9, physDelta=0.3, belowTerrain=False, belowPhysical=False, waterMap=15.4, waterSurface=15.4, underwater=True, safeZone=False, baseRestricted=False, unityNavSample=1.8, 13.3, -493.6).
Agent still not on navmesh after a warp. No navmesh areas matching agent type? Agent type: 0
[RaidlandsRoamBots] Prefab assets/rust.ai/agents/npcplayer/humannpc/scientist/scientistnpc_roam.prefab spawned but its navigator could not be placed on navmesh; trying the next candidate.
Agent still not on navmesh after a warp. No navmesh areas matching agent type? Agent type: 0
[RaidlandsRoamBots] Prefab assets/rust.ai/agents/npcplayer/humannpc/scientist/scientistnpc_full_any.prefab spawned but its navigator could not be placed on navmesh; trying the next candidate.
[RaidlandsRoamBots] Despawned roam bot after invalid terrain/nav position at -332.8, 65.4, -177.7 (terrain=23.1, terrainDelta=42.3, physicalSurface=69.6, physDelta=-4.2, belowTerrain=False, belowPhysical=True, waterMap=-500.0, waterSurface=-500.0, underwater=False, safeZone=False, baseRestricted=False, unityNavSample=-332.8, 65.5, -177.7).
Scientist[65] was killed by Scientist[76] at (1070.98, 8.00, 67.51)
Scientist[38] was killed by Scientist[64] at (1085.45, 9.55, 67.15)
Scientist[76] was killed by Scientist[64] at (1091.58, 10.27, 65.96)
Agent still not on navmesh after a warp. No navmesh areas matching agent type? Agent type: 0
Agent still not on navmesh after a warp. No navmesh areas matching agent type? Agent type: 0
Agent still not on navmesh after a warp. No navmesh areas matching agent type? Agent type: 0
Agent still not on navmesh after a warp. No navmesh areas matching agent type? Agent type: 0
Agent still not on navmesh after a warp. No navmesh areas matching agent type? Agent type: 0
Agent still not on navmesh after a warp. No navmesh areas matching agent type? Agent type: 0
Agent still not on navmesh after a warp. No navmesh areas matching agent type? Agent type: 0
Agent still not on navmesh after a warp. No navmesh areas matching agent type? Agent type: 0
Shutting down compiler because idle shutdown
Compiler shutdown completed
[RaidlandsRoamBots] Despawned roam bot after invalid terrain/nav position at -399.8, 12.9, -369.2 (terrain=12.0, terrainDelta=0.9, physicalSurface=12.7, physDelta=0.2, belowTerrain=False, belowPhysical=False, waterMap=14.1, waterSurface=14.1, underwater=True, safeZone=False, baseRestricted=False, unityNavSample=-399.8, 13.0, -369.2).
[WebsiteVipBridge] Posted permission snapshot to website (574 permissions, 51 groups).
Scientist[74] was killed by Scientist[84] at (803.44, 11.61, -1265.98)
[RaidlandsRoamBots] Despawned roam bot after invalid terrain/nav position at -247.1, 49.2, -854.3 (terrain=48.4, terrainDelta=0.8, physicalSurface=52.4, physDelta=-3.3, belowTerrain=False, belowPhysical=True, waterMap=-500.0, waterSurface=-500.0, underwater=False, safeZone=False, baseRestricted=False, unityNavSample=-247.1, 49.3, -854.3).
Saved 43,680 ents, cache(0.08), write(0.05), disk(0.01).
Saving complete
Agent still not on navmesh after a warp. No navmesh areas matching agent type? Agent type: 0
[RaidlandsRoamBots] Prefab assets/rust.ai/agents/npcplayer/humannpc/scientist/scientistnpc_roam.prefab spawned but its navigator could not be placed on navmesh; trying the next candidate.
Agent still not on navmesh after a warp. No navmesh areas matching agent type? Agent type: 0
[RaidlandsRoamBots] Prefab assets/rust.ai/agents/npcplayer/humannpc/scientist/scientistnpc_full_any.prefab spawned but its navigator could not be placed on navmesh; trying the next candidate.
Agent still not on navmesh after a warp. No navmesh areas matching agent type? Agent type: 0
Agent still not on navmesh after a warp. No navmesh areas matching agent type? Agent type: 0
Agent still not on navmesh after a warp. No navmesh areas matching agent type? Agent type: 0
Agent still not on navmesh after a warp. No navmesh areas matching agent type? Agent type: 0
Scientist[51] was killed by Scientist[40] at (-652.30, 28.87, -454.88)
Agent still not on navmesh after a warp. No navmesh areas matching agent type? Agent type: 0
Agent still not on navmesh after a warp. No navmesh areas matching agent type? Agent type: 0
[WebsiteVipBridge] Kit sync has no update; website revision=1783174810, local revision=1783174810.
[WebsiteClanBridge] Clan snapshot synced for 5 clans.
[WebsiteVipBridge] Permission sync has no update; website revision=1783280152, local revision=1783280152.
Scientist[56] was killed by Scientist[424] at (-244.64, 28.89, 1064.14)
Scientist[84] was killed by Scientist[73] at (796.94, 5.97, -1330.23)
Agent still not on navmesh after a warp. No navmesh areas matching agent type? Agent type: 0
[RaidlandsRoamBots] Prefab assets/rust.ai/agents/npcplayer/humannpc/scientist/scientistnpc_roam.prefab spawned but its navigator could not be placed on navmesh; trying the next candidate.
Agent still not on navmesh after a warp. No navmesh areas matching agent type? Agent type: 0
[RaidlandsRoamBots] Prefab assets/rust.ai/agents/npcplayer/humannpc/scientist/scientistnpc_full_any.prefab spawned but its navigator could not be placed on navmesh; trying the next candidate.
Agent still not on navmesh after a warp. No navmesh areas matching agent type? Agent type: 0
Agent still not on navmesh after a warp. No navmesh areas matching agent type? Agent type: 0
Scientist[77] was killed by Scientist[69] at (-273.36, 42.98, 231.05)
[RaidlandsRoamBots] Despawned roam bot after invalid terrain/nav position at 1020.4, 9.3, 1184.3 (terrain=9.2, terrainDelta=0.1, physicalSurface=20.4, physDelta=-11.1, belowTerrain=False, belowPhysical=True, waterMap=-500.0, waterSurface=-500.0, underwater=False, safeZone=False, baseRestricted=False, unityNavSample=1020.4, 9.4, 1184.3).
Scientist[76] was killed by Scientist[56] at (-213.94, 39.76, -555.05)
Agent still not on navmesh after a warp. No navmesh areas matching agent type? Agent type: 0
Agent still not on navmesh after a warp. No navmesh areas matching agent type? Agent type: 0
Agent still not on navmesh after a warp. No navmesh areas matching agent type? Agent type: 0
Agent still not on navmesh after a warp. No navmesh areas matching agent type? Agent type: 0
Agent still not on navmesh after a warp. No navmesh areas matching agent type? Agent type: 0
Agent still not on navmesh after a warp. No navmesh areas matching agent type? Agent type: 0
[RaidlandsRoamBots] Despawned roam bot after invalid terrain/nav position at -109.4, 13.3, -572.1 (terrain=13.1, terrainDelta=0.2, physicalSurface=13.1, physDelta=0.2, belowTerrain=False, belowPhysical=False, waterMap=15.4, waterSurface=15.4, underwater=True, safeZone=False, baseRestricted=False, unityNavSample=-109.4, 13.4, -572.1).
Agent still not on navmesh after a warp. No navmesh areas matching agent type? Agent type: 0
[RaidlandsRoamBots] Prefab assets/rust.ai/agents/npcplayer/humannpc/scientist/scientistnpc_roam.prefab spawned but its navigator could not be placed on navmesh; trying the next candidate.
Agent still not on navmesh after a warp. No navmesh areas matching agent type? Agent type: 0
[RaidlandsRoamBots] Prefab assets/rust.ai/agents/npcplayer/humannpc/scientist/scientistnpc_full_any.prefab spawned but its navigator could not be placed on navmesh; trying the next candidate.
[WebsiteVipBridge] Stats snapshot synced for 67 players and 2908 bots.
[WebsiteClanBridge] Clan snapshot synced for 5 clans.
[WebsiteVipBridge] Permission sync has no update; website revision=1783280152, local revision=1783280152.
[WebsiteVipBridge] Kit sync has no update; website revision=1783174810, local revision=1783174810.
[RaidlandsRoamBots] Despawned roam bot after invalid terrain/nav position at -700.3, 12.3, 866.2 (terrain=12.1, terrainDelta=0.2, physicalSurface=12.1, physDelta=0.2, belowTerrain=False, belowPhysical=False, waterMap=14.3, waterSurface=14.3, underwater=True, safeZone=False, baseRestricted=False, unityNavSample=-700.3, 12.4, 866.2).
[RaidlandsRoamBots] Despawned roam bot after invalid terrain/nav position at 128.9, 30.9, 850.7 (terrain=31.0, terrainDelta=-0.1, physicalSurface=35.5, physDelta=-4.6, belowTerrain=False, belowPhysical=True, waterMap=-500.0, waterSurface=-500.0, underwater=False, safeZone=False, baseRestricted=False, unityNavSample=128.9, 31.0, 850.7).
Agent still not on navmesh after a warp. No navmesh areas matching agent type? Agent type: 0
[RaidlandsRoamBots] Prefab assets/rust.ai/agents/npcplayer/humannpc/scientist/scientistnpc_roam.prefab spawned but its navigator could not be placed on navmesh; trying the next candidate.
Agent still not on navmesh after a warp. No navmesh areas matching agent type? Agent type: 0
[RaidlandsRoamBots] Prefab assets/rust.ai/agents/npcplayer/humannpc/scientist/scientistnpc_full_any.prefab spawned but its navigator could not be placed on navmesh; trying the next candidate.
Agent still not on navmesh after a warp. No navmesh areas matching agent type? Agent type: 0
Agent still not on navmesh after a warp. No navmesh areas matching agent type? Agent type: 0
Scientist[84] was killed by Scientist[85] at (370.87, 49.49, 1217.21)
Agent still not on navmesh after a warp. No navmesh areas matching agent type? Agent type: 0
Agent still not on navmesh after a warp. No navmesh areas matching agent type? Agent type: 0
[RaidlandsRoamBots] Despawned roam bot after invalid terrain/nav position at 728.2, -0.3, -1329.6 (terrain=-0.5, terrainDelta=0.1, physicalSurface=-0.5, physDelta=0.1, belowTerrain=False, belowPhysical=False, waterMap=-500.0, waterSurface=0.0, underwater=True, safeZone=False, baseRestricted=False, unityNavSample=728.2, -0.2, -1329.6).
[RaidlandsRoamBots] Despawned roam bot after invalid terrain/nav position at -684.4, 13.2, 895.8 (terrain=13.1, terrainDelta=0.1, physicalSurface=13.1, physDelta=0.1, belowTerrain=False, belowPhysical=False, waterMap=13.9, waterSurface=13.9, underwater=True, safeZone=False, baseRestricted=False, unityNavSample=-684.4, 13.3, 895.8).
Agent still not on navmesh after a warp. No navmesh areas matching agent type? Agent type: 0
Agent still not on navmesh after a warp. No navmesh areas matching agent type? Agent type: 0
Agent still not on navmesh after a warp. No navmesh areas matching agent type? Agent type: 0
Agent still not on navmesh after a warp. No navmesh areas matching agent type? Agent type: 0
Saved 43,728 ents, cache(0.03), write(0.04), disk(0.01).
Saving complete
Scientist[424] was killed by Scientist[47] at (-368.40, 45.81, 880.98)
Scientist[63] was killed by Scientist[61] at (1058.80, 10.66, 1056.92)
Agent still not on navmesh after a warp. No navmesh areas matching agent type? Agent type: 0
[RaidlandsRoamBots] Prefab assets/rust.ai/agents/npcplayer/humannpc/scientist/scientistnpc_roam.prefab spawned but its navigator could not be placed on navmesh; trying the next candidate.
Agent still not on navmesh after a warp. No navmesh areas matching agent type? Agent type: 0
[RaidlandsRoamBots] Prefab assets/rust.ai/agents/npcplayer/humannpc/scientist/scientistnpc_full_any.prefab spawned but its navigator could not be placed on navmesh; trying the next candidate.
[RaidlandsRoamBots] Despawned roam bot after hard-stuck pathing (30 failed paths, stuck 156s, state=Roam).
Agent still not on navmesh after a warp. No navmesh areas matching agent type? Agent type: 0
Agent still not on navmesh after a warp. No navmesh areas matching agent type? Agent type: 0
Scientist[80] was killed by Scientist[63] at (301.27, 65.05, 709.24)
Agent still not on navmesh after a warp. No navmesh areas matching agent type? Agent type: 0
Agent still not on navmesh after a warp. No navmesh areas matching agent type? Agent type: 0
[RaidlandsRoamBots] Despawned roam bot after invalid terrain/nav position at -371.1, 0.8, 118.9 (terrain=1.7, terrainDelta=-0.9, physicalSurface=1.6, physDelta=-0.8, belowTerrain=True, belowPhysical=False, waterMap=-500.0, waterSurface=-500.0, underwater=False, safeZone=False, baseRestricted=False, unityNavSample=-371.1, 0.8, 118.9).
Agent still not on navmesh after a warp. No navmesh areas matching agent type? Agent type: 0
[RaidlandsRoamBots] Prefab assets/rust.ai/agents/npcplayer/humannpc/scientist/scientistnpc_roam.prefab spawned but its navigator could not be placed on navmesh; trying the next candidate.
Agent still not on navmesh after a warp. No navmesh areas matching agent type? Agent type: 0
[RaidlandsRoamBots] Prefab assets/rust.ai/agents/npcplayer/humannpc/scientist/scientistnpc_full_any.prefab spawned but its navigator could not be placed on navmesh; trying the next candidate.
[RaidlandsRoamBots] Despawned roam bot after invalid terrain/nav position at -1137.3, 7.6, 31.6 (terrain=7.4, terrainDelta=0.3, physicalSurface=7.4, physDelta=0.3, belowTerrain=False, belowPhysical=False, waterMap=7.4, waterSurface=7.4, underwater=True, safeZone=False, baseRestricted=False, unityNavSample=-1137.3, 7.7, 31.6).
[RaidlandsRoamBots] Despawned roam bot after invalid terrain/nav position at -371.2, 0.7, 118.8 (terrain=1.6, terrainDelta=-0.9, physicalSurface=1.5, physDelta=-0.8, belowTerrain=True, belowPhysical=False, waterMap=-500.0, waterSurface=-500.0, underwater=False, safeZone=False, baseRestricted=False, unityNavSample=-371.2, 0.7, 118.8).
[RaidlandsRoamBots] Despawned roam bot after invalid terrain/nav position at -981.4, -0.1, 645.3 (terrain=-0.1, terrainDelta=0.0, physicalSurface=-0.1, physDelta=0.0, belowTerrain=False, belowPhysical=False, waterMap=-500.0, waterSurface=0.0, underwater=True, safeZone=False, baseRestricted=False, unityNavSample=-981.4, 0.0, 645.3).
Agent still not on navmesh after a warp. No navmesh areas matching agent type? Agent type: 0
Agent still not on navmesh after a warp. No navmesh areas matching agent type? Agent type: 0
Agent still not on navmesh after a warp. No navmesh areas matching agent type? Agent type: 0
Agent still not on navmesh after a warp. No navmesh areas matching agent type? Agent type: 0
Agent still not on navmesh after a warp. No navmesh areas matching agent type? Agent type: 0
Agent still not on navmesh after a warp. No navmesh areas matching agent type? Agent type: 0
[RaidlandsRoamBots] Despawned roam bot after invalid terrain/nav position at 106.8, 63.4, 505.4 (terrain=63.1, terrainDelta=0.3, physicalSurface=63.1, physDelta=0.3, belowTerrain=False, belowPhysical=False, waterMap=63.8, waterSurface=63.8, underwater=True, safeZone=False, baseRestricted=False, unityNavSample=106.8, 63.5, 505.4).
Agent still not on navmesh after a warp. No navmesh areas matching agent type? Agent type: 0
Agent still not on navmesh after a warp. No navmesh areas matching agent type? Agent type: 0
[RaidlandsRoamBots] Despawned roam bot after invalid terrain/nav position at -776.1, 34.2, -532.0 (terrain=25.5, terrainDelta=8.6, physicalSurface=48.6, physDelta=-14.4, belowTerrain=False, belowPhysical=True, waterMap=-500.0, waterSurface=-500.0, underwater=False, safeZone=False, baseRestricted=False, unityNavSample=-776.1, 34.2, -532.0).
Agent still not on navmesh after a warp. No navmesh areas matching agent type? Agent type: 0
Agent still not on navmesh after a warp. No navmesh areas matching agent type? Agent type: 0
Scientist[76] was killed by Scientist[64] at (1104.31, 10.39, 64.90)
Agent still not on navmesh after a warp. No navmesh areas matching agent type? Agent type: 0
[RaidlandsRoamBots] Prefab assets/rust.ai/agents/npcplayer/humannpc/scientist/scientistnpc_roam.prefab spawned but its navigator could not be placed on navmesh; trying the next candidate.
Agent still not on navmesh after a warp. No navmesh areas matching agent type? Agent type: 0
[RaidlandsRoamBots] Prefab assets/rust.ai/agents/npcplayer/humannpc/scientist/scientistnpc_full_any.prefab spawned but its navigator could not be placed on navmesh; trying the next candidate.
[WebsiteVipBridge] Kit sync has no update; website revision=1783174810, local revision=1783174810.
[WebsiteVipBridge] Permission sync has no update; website revision=1783280152, local revision=1783280152.
[WebsiteClanBridge] Clan snapshot synced for 5 clans.
Scientist[438] was killed by Scientist[69] at (1047.54, 7.53, 1269.64)
Scientist[86] was killed by Scientist[418] at (1051.63, 7.71, 1267.97)
Agent still not on navmesh after a warp. No navmesh areas matching agent type? Agent type: 0
Agent still not on navmesh after a warp. No navmesh areas matching agent type? Agent type: 0
Agent still not on navmesh after a warp. No navmesh areas matching agent type? Agent type: 0
Agent still not on navmesh after a warp. No navmesh areas matching agent type? Agent type: 0
Scientist[69] was killed by Scientist[418] at (1044.80, 7.32, 1272.09)
Agent still not on navmesh after a warp. No navmesh areas matching agent type? Agent type: 0
[RaidlandsRoamBots] Prefab assets/rust.ai/agents/npcplayer/humannpc/scientist/scientistnpc_roam.prefab spawned but its navigator could not be placed on navmesh; trying the next candidate.
Agent still not on navmesh after a warp. No navmesh areas matching agent type? Agent type: 0
[RaidlandsRoamBots] Prefab assets/rust.ai/agents/npcplayer/humannpc/scientist/scientistnpc_full_any.prefab spawned but its navigator could not be placed on navmesh; trying the next candidate.
[RaidlandsRoamBots] Despawned roam bot after invalid terrain/nav position at 1115.0, 14.4, 65.0 (terrain=4.4, terrainDelta=10.0, physicalSurface=18.6, physDelta=-4.2, belowTerrain=False, belowPhysical=True, waterMap=-500.0, waterSurface=-500.0, underwater=False, safeZone=False, baseRestricted=False, unityNavSample=1115.0, 14.5, 65.0).
[RaidlandsRoamBots] Despawned roam bot after invalid terrain/nav position at -431.8, 14.0, -374.8 (terrain=14.0, terrainDelta=0.0, physicalSurface=14.0, physDelta=0.0, belowTerrain=False, belowPhysical=False, waterMap=14.0, waterSurface=14.0, underwater=True, safeZone=False, baseRestricted=False, unityNavSample=-431.8, 14.1, -374.8).
Agent still not on navmesh after a warp. No navmesh areas matching agent type? Agent type: 0
Agent still not on navmesh after a warp. No navmesh areas matching agent type? Agent type: 0
Agent still not on navmesh after a warp. No navmesh areas matching agent type? Agent type: 0
Agent still not on navmesh after a warp. No navmesh areas matching agent type? Agent type: 0
Scientist[69] was killed by Scientist[79] at (261.07, 20.66, -669.71)
Agent still not on navmesh after a warp. No navmesh areas matching agent type? Agent type: 0
[RaidlandsRoamBots] Prefab assets/rust.ai/agents/npcplayer/humannpc/scientist/scientistnpc_roam.prefab spawned but its navigator could not be placed on navmesh; trying the next candidate.
Agent still not on navmesh after a warp. No navmesh areas matching agent type? Agent type: 0
[RaidlandsRoamBots] Prefab assets/rust.ai/agents/npcplayer/humannpc/scientist/scientistnpc_full_any.prefab spawned but its navigator could not be placed on navmesh; trying the next candidate.
[WebsiteVipBridge] Stats snapshot synced for 67 players and 2915 bots.
[RaidlandsRoamBots] Pruned decision trace JSONL from 131.7 MB to 51.8 MB; kept 50000 recent lines (cap 128.0 MB / 50000 lines).
Scientist[61] was killed by Scientist[71] at (1041.46, 9.25, 1209.20)
Agent still not on navmesh after a warp. No navmesh areas matching agent type? Agent type: 0
[RaidlandsRoamBots] Prefab assets/rust.ai/agents/npcplayer/humannpc/scientist/scientistnpc_roam.prefab spawned but its navigator could not be placed on navmesh; trying the next candidate.
Agent still not on navmesh after a warp. No navmesh areas matching agent type? Agent type: 0
[RaidlandsRoamBots] Prefab assets/rust.ai/agents/npcplayer/humannpc/scientist/scientistnpc_full_any.prefab spawned but its navigator could not be placed on navmesh; trying the next candidate.
Scientist[79] was killed by Scientist[69] at (415.06, 46.66, -689.40)
Agent still not on navmesh after a warp. No navmesh areas matching agent type? Agent type: 0
Agent still not on navmesh after a warp. No navmesh areas matching agent type? Agent type: 0
Scientist[66] was killed by Scientist[79] at (-435.41, 15.53, -408.07)
Agent still not on navmesh after a warp. No navmesh areas matching agent type? Agent type: 0
[RaidlandsRoamBots] Prefab assets/rust.ai/agents/npcplayer/humannpc/scientist/scientistnpc_roam.prefab spawned but its navigator could not be placed on navmesh; trying the next candidate.
Agent still not on navmesh after a warp. No navmesh areas matching agent type? Agent type: 0
[RaidlandsRoamBots] Prefab assets/rust.ai/agents/npcplayer/humannpc/scientist/scientistnpc_full_any.prefab spawned but its navigator could not be placed on navmesh; trying the next candidate.
[WebsiteVipBridge] Permission sync has no update; website revision=1783280152, local revision=1783280152.
[WebsiteVipBridge] Kit sync has no update; website revision=1783174810, local revision=1783174810.
[WebsiteClanBridge] Clan snapshot synced for 5 clans.
Saved 43,789 ents, cache(0.03), write(0.03), disk(0.01).
Saving complete
Scientist[424] was killed by Scientist[419] at (909.85, 12.32, 175.43)
Agent still not on navmesh after a warp. No navmesh areas matching agent type? Agent type: 0
Agent still not on navmesh after a warp. No navmesh areas matching agent type? Agent type: 0
[RaidlandsRoamBots] Despawned roam bot after invalid terrain/nav position at 333.2, 67.7, 1236.9 (terrain=43.1, terrainDelta=24.6, physicalSurface=80.9, physDelta=-13.3, belowTerrain=False, belowPhysical=True, waterMap=-500.0, waterSurface=-500.0, underwater=False, safeZone=False, baseRestricted=False, unityNavSample=333.2, 67.8, 1236.9).
Scientist[79] was killed by Scientist[39] at (-437.47, 16.39, -424.85)
Agent still not on navmesh after a warp. No navmesh areas matching agent type? Agent type: 0
[RaidlandsRoamBots] Prefab assets/rust.ai/agents/npcplayer/humannpc/scientist/scientistnpc_roam.prefab spawned but its navigator could not be placed on navmesh; trying the next candidate.
Agent still not on navmesh after a warp. No navmesh areas matching agent type? Agent type: 0
[RaidlandsRoamBots] Prefab assets/rust.ai/agents/npcplayer/humannpc/scientist/scientistnpc_full_any.prefab spawned but its navigator could not be placed on navmesh; trying the next candidate.
Agent still not on navmesh after a warp. No navmesh areas matching agent type? Agent type: 0
Agent still not on navmesh after a warp. No navmesh areas matching agent type? Agent type: 0
Scientist[78] was killed by Scientist[85] at (590.48, 34.24, -161.00)
Agent still not on navmesh after a warp. No navmesh areas matching agent type? Agent type: 0
[RaidlandsRoamBots] Prefab assets/rust.ai/agents/npcplayer/humannpc/scientist/scientistnpc_roam.prefab spawned but its navigator could not be placed on navmesh; trying the next candidate.
Agent still not on navmesh after a warp. No navmesh areas matching agent type? Agent type: 0
[RaidlandsRoamBots] Prefab assets/rust.ai/agents/npcplayer/humannpc/scientist/scientistnpc_full_any.prefab spawned but its navigator could not be placed on navmesh; trying the next candidate.
[RaidlandsRoamBots] Despawned roam bot after invalid terrain/nav position at 969.3, -1.3, 1381.3 (terrain=-1.5, terrainDelta=0.1, physicalSurface=-1.5, physDelta=0.1, belowTerrain=False, belowPhysical=False, waterMap=-500.0, waterSurface=0.0, underwater=True, safeZone=False, baseRestricted=False, unityNavSample=969.3, -1.2, 1381.3).
Agent still not on navmesh after a warp. No navmesh areas matching agent type? Agent type: 0
[RaidlandsRoamBots] Prefab assets/rust.ai/agents/npcplayer/humannpc/scientist/scientistnpc_roam.prefab spawned but its navigator could not be placed on navmesh; trying the next candidate.
Agent still not on navmesh after a warp. No navmesh areas matching agent type? Agent type: 0
[RaidlandsRoamBots] Prefab assets/rust.ai/agents/npcplayer/humannpc/scientist/scientistnpc_full_any.prefab spawned but its navigator could not be placed on navmesh; trying the next candidate.
Scientist[424] was killed by Scientist[56] at (-38.10, 35.35, -673.45)
Agent still not on navmesh after a warp. No navmesh areas matching agent type? Agent type: 0
Agent still not on navmesh after a warp. No navmesh areas matching agent type? Agent type: 0
Scientist[78] was killed by Scientist[65] at (-476.12, 43.61, 624.38)
Agent still not on navmesh after a warp. No navmesh areas matching agent type? Agent type: 0
[RaidlandsRoamBots] Prefab assets/rust.ai/agents/npcplayer/humannpc/scientist/scientistnpc_roam.prefab spawned but its navigator could not be placed on navmesh; trying the next candidate.
Agent still not on navmesh after a warp. No navmesh areas matching agent type? Agent type: 0
[RaidlandsRoamBots] Prefab assets/rust.ai/agents/npcplayer/humannpc/scientist/scientistnpc_full_any.prefab spawned but its navigator could not be placed on navmesh; trying the next candidate.
[WebsiteVipBridge] Kit sync has no update; website revision=1783174810, local revision=1783174810.
[WebsiteVipBridge] Permission sync has no update; website revision=1783280152, local revision=1783280152.
[WebsiteClanBridge] Clan snapshot synced for 5 clans.
[WebsiteVipBridge] Stats snapshot synced for 67 players and 2919 bots.
Saved 43,803 ents, cache(0.03), write(0.02), disk(0.01).
Saving complete
[RaidlandsRoamBots] Despawned roam bot after invalid terrain/nav position at 226.3, 17.4, -692.9 (terrain=17.2, terrainDelta=0.1, physicalSurface=17.2, physDelta=0.1, belowTerrain=False, belowPhysical=False, waterMap=18.7, waterSurface=18.7, underwater=True, safeZone=False, baseRestricted=False, unityNavSample=226.3, 17.5, -692.9).
Agent still not on navmesh after a warp. No navmesh areas matching agent type? Agent type: 0
[RaidlandsRoamBots] Prefab assets/rust.ai/agents/npcplayer/humannpc/scientist/scientistnpc_roam.prefab spawned but its navigator could not be placed on navmesh; trying the next candidate.
Agent still not on navmesh after a warp. No navmesh areas matching agent type? Agent type: 0
[RaidlandsRoamBots] Prefab assets/rust.ai/agents/npcplayer/humannpc/scientist/scientistnpc_full_any.prefab spawned but its navigator could not be placed on navmesh; trying the next candidate.
[WebsiteVipBridge] Permission sync has no update; website revision=1783280152, local revision=1783280152.
[WebsiteVipBridge] Kit sync has no update; website revision=1783174810, local revision=1783174810.
[WebsiteClanBridge] Clan snapshot synced for 5 clans.
Scientist[82] was killed by Scientist[424] at (-513.61, 31.72, -81.51)
Agent still not on navmesh after a warp. No navmesh areas matching agent type? Agent type: 0
[RaidlandsRoamBots] Prefab assets/rust.ai/agents/npcplayer/humannpc/scientist/scientistnpc_roam.prefab spawned but its navigator could not be placed on navmesh; trying the next candidate.
Agent still not on navmesh after a warp. No navmesh areas matching agent type? Agent type: 0
[RaidlandsRoamBots] Prefab assets/rust.ai/agents/npcplayer/humannpc/scientist/scientistnpc_full_any.prefab spawned but its navigator could not be placed on navmesh; trying the next candidate.
[WebsiteVipBridge] Stats snapshot synced for 67 players and 2921 bots.
[WebsiteVipBridge] Kit sync has no update; website revision=1783174810, local revision=1783174810.
[WebsiteVipBridge] Permission sync has no update; website revision=1783280152, local revision=1783280152.
[WebsiteClanBridge] Clan snapshot synced for 5 clans.
[RaidlandsRoamBots] Despawned roam bot after invalid terrain/nav position at 917.6, 14.5, 114.6 (terrain=13.6, terrainDelta=0.9, physicalSurface=24.1, physDelta=-9.6, belowTerrain=False, belowPhysical=True, waterMap=-500.0, waterSurface=-500.0, underwater=False, safeZone=False, baseRestricted=False, unityNavSample=917.6, 14.6, 114.6).
NullReferenceException: Object reference not set to an instance of an object
NullReferenceException: Object reference not set to an instance of an object
NullReferenceException: Object reference not set to an instance of an object
NullReferenceException: Object reference not set to an instance of an object
NullReferenceException: Object reference not set to an instance of an object
NullReferenceException: Object reference not set to an instance of an object
NullReferenceException: Object reference not set to an instance of an object
NullReferenceException: Object reference not set to an instance of an object
NullReferenceException: Object reference not set to an instance of an object
NullReferenceException: Object reference not set to an instance of an object
NullReferenceException: Object reference not set to an instance of an object
NullReferenceException: Object reference not set to an instance of an object
NullReferenceException: Object reference not set to an instance of an object
NullReferenceException: Object reference not set to an instance of an object
Saved 43,708 ents, cache(0.01), write(0.03), disk(0.01).
Saving complete
[RaidlandsRoamBots] Prefab assets/rust.ai/agents/npcplayer/humannpc/scientist/scientistnpc_roam.prefab spawned but its navigator could not be placed on navmesh; trying the next candidate.
Agent still not on navmesh after a warp. No navmesh areas matching agent type? Agent type: 0
[RaidlandsRoamBots] Prefab assets/rust.ai/agents/npcplayer/humannpc/scientist/scientistnpc_full_any.prefab spawned but its navigator could not be placed on navmesh; trying the next candidate.
Agent still not on navmesh after a warp. No navmesh areas matching agent type? Agent type: 0
[RaidlandsRoamBots] Despawned roam bot after invalid terrain/nav position at -453.8, 16.2, 741.0 (terrain=15.9, terrainDelta=0.3, physicalSurface=15.9, physDelta=0.3, belowTerrain=False, belowPhysical=False, waterMap=18.2, waterSurface=18.2, underwater=True, safeZone=False, baseRestricted=False, unityNavSample=-453.8, 16.3, 741.0).
Agent still not on navmesh after a warp. No navmesh areas matching agent type? Agent type: 0
Agent still not on navmesh after a warp. No navmesh areas matching agent type? Agent type: 0
[RaidlandsRoamBots] Despawned roam bot after invalid terrain/nav position at -427.0, 18.0, 737.6 (terrain=17.4, terrainDelta=0.6, physicalSurface=17.9, physDelta=0.1, belowTerrain=False, belowPhysical=False, waterMap=19.9, waterSurface=19.9, underwater=True, safeZone=False, baseRestricted=False, unityNavSample=-427.0, 18.1, 737.6).
NullReferenceException: Object reference not set to an instance of an object
NullReferenceException: Object reference not set to an instance of an object
NullReferenceException: Object reference not set to an instance of an object
NullReferenceException: Object reference not set to an instance of an object
NullReferenceException: Object reference not set to an instance of an object
NullReferenceException: Object reference not set to an instance of an object
Agent still not on navmesh after a warp. No navmesh areas matching agent type? Agent type: 0
[RaidlandsRoamBots] Prefab assets/rust.ai/agents/npcplayer/humannpc/scientist/scientistnpc_roam.prefab spawned but its navigator could not be placed on navmesh; trying the next candidate.
Agent still not on navmesh after a warp. No navmesh areas matching agent type? Agent type: 0
[RaidlandsRoamBots] Prefab assets/rust.ai/agents/npcplayer/humannpc/scientist/scientistnpc_full_any.prefab spawned but its navigator could not be placed on navmesh; trying the next candidate.
NullReferenceException: Object reference not set to an instance of an object
NullReferenceException: Object reference not set to an instance of an object
NullReferenceException: Object reference not set to an instance of an object
[WebsiteVipBridge] Kit sync has no update; website revision=1783174810, local revision=1783174810.
[WebsiteVipBridge] Permission sync has no update; website revision=1783280152, local revision=1783280152.
[WebsiteClanBridge] Clan snapshot synced for 5 clans.
NullReferenceException: Object reference not set to an instance of an object
NullReferenceException: Object reference not set to an instance of an object
[WebsiteVipBridge] Stats snapshot synced for 67 players and 2921 bots.
NullReferenceException: Object reference not set to an instance of an object
NullReferenceException: Object reference not set to an instance of an object
[RaidlandsRoamBots] Pruned decision trace JSONL from 133.7 MB to 48.7 MB; kept 50000 recent lines (cap 128.0 MB / 50000 lines).
[RaidlandsRoamBots] Despawned roam bot after invalid terrain/nav position at -333.5, 27.1, -126.7 (terrain=21.4, terrainDelta=5.6, physicalSurface=79.9, physDelta=-52.8, belowTerrain=False, belowPhysical=True, waterMap=-500.0, waterSurface=-500.0, underwater=False, safeZone=False, baseRestricted=False, unityNavSample=-333.5, 27.2, -126.7).
NullReferenceException: Object reference not set to an instance of an object
NullReferenceException: Object reference not set to an instance of an object
Agent still not on navmesh after a warp. No navmesh areas matching agent type? Agent type: 0
[RaidlandsRoamBots] Prefab assets/rust.ai/agents/npcplayer/humannpc/scientist/scientistnpc_roam.prefab spawned but its navigator could not be placed on navmesh; trying the next candidate.
Agent still not on navmesh after a warp. No navmesh areas matching agent type? Agent type: 0
[RaidlandsRoamBots] Prefab assets/rust.ai/agents/npcplayer/humannpc/scientist/scientistnpc_full_any.prefab spawned but its navigator could not be placed on navmesh; trying the next candidate.
Scientist[424] was killed by Scientist[39] at (-551.15, 29.40, -174.28)
[RaidlandsRoamBots] Despawned roam bot after invalid terrain/nav position at -546.2, 8.3, -263.3 (terrain=8.2, terrainDelta=0.1, physicalSurface=8.2, physDelta=0.1, belowTerrain=False, belowPhysical=False, waterMap=10.1, waterSurface=10.1, underwater=True, safeZone=False, baseRestricted=False, unityNavSample=-546.2, 8.4, -263.3).
Agent still not on navmesh after a warp. No navmesh areas matching agent type? Agent type: 0
[RaidlandsRoamBots] Prefab assets/rust.ai/agents/npcplayer/humannpc/scientist/scientistnpc_roam.prefab spawned but its navigator could not be placed on navmesh; trying the next candidate.
Agent still not on navmesh after a warp. No navmesh areas matching agent type? Agent type: 0
[RaidlandsRoamBots] Prefab assets/rust.ai/agents/npcplayer/humannpc/scientist/scientistnpc_full_any.prefab spawned but its navigator could not be placed on navmesh; trying the next candidate.
Agent still not on navmesh after a warp. No navmesh areas matching agent type? Agent type: 0
Agent still not on navmesh after a warp. No navmesh areas matching agent type? Agent type: 0
Scientist[39] was killed by Scientist[424] at (-582.50, 10.91, -276.01)
Agent still not on navmesh after a warp. No navmesh areas matching agent type? Agent type: 0
Agent still not on navmesh after a warp. No navmesh areas matching agent type? Agent type: 0
[RaidlandsRoamBots] Despawned roam bot after invalid terrain/nav position at -640.2, 8.4, -241.3 (terrain=8.2, terrainDelta=0.2, physicalSurface=8.2, physDelta=0.2, belowTerrain=False, belowPhysical=False, waterMap=10.2, waterSurface=10.2, underwater=True, safeZone=False, baseRestricted=False, unityNavSample=-640.2, 8.5, -241.3).
[RaidlandsRoamBots] Despawned roam bot after invalid terrain/nav position at -604.1, 8.3, -236.0 (terrain=8.1, terrainDelta=0.1, physicalSurface=8.1, physDelta=0.1, belowTerrain=False, belowPhysical=False, waterMap=10.2, waterSurface=10.2, underwater=True, safeZone=False, baseRestricted=False, unityNavSample=-604.1, 8.4, -236.0).
Agent still not on navmesh after a warp. No navmesh areas matching agent type? Agent type: 0
[RaidlandsRoamBots] Prefab assets/rust.ai/agents/npcplayer/humannpc/scientist/scientistnpc_roam.prefab spawned but its navigator could not be placed on navmesh; trying the next candidate.
Agent still not on navmesh after a warp. No navmesh areas matching agent type? Agent type: 0
[RaidlandsRoamBots] Prefab assets/rust.ai/agents/npcplayer/humannpc/scientist/scientistnpc_full_any.prefab spawned but its navigator could not be placed on navmesh; trying the next candidate.
[WebsiteVipBridge] Kit sync has no update; website revision=1783174810, local revision=1783174810.
[WebsiteVipBridge] Permission sync has no update; website revision=1783280152, local revision=1783280152.
[WebsiteClanBridge] Clan snapshot synced for 5 clans.
Scientist[56] was killed by Scientist[47] at (-39.71, 30.73, -598.84)
Agent still not on navmesh after a warp. No navmesh areas matching agent type? Agent type: 0
Agent still not on navmesh after a warp. No navmesh areas matching agent type? Agent type: 0
Saved 43,624 ents, cache(0.01), write(0.03), disk(0.01).
Saving complete
NullReferenceException: Object reference not set to an instance of an object
Scientist[56] was killed by Scientist[47] at (-94.85, 47.30, -765.25)
NullReferenceException: Object reference not set to an instance of an object
Agent still not on navmesh after a warp. No navmesh areas matching agent type? Agent type: 0
[RaidlandsRoamBots] Prefab assets/rust.ai/agents/npcplayer/humannpc/scientist/scientistnpc_roam.prefab spawned but its navigator could not be placed on navmesh; trying the next candidate.
Agent still not on navmesh after a warp. No navmesh areas matching agent type? Agent type: 0
[RaidlandsRoamBots] Prefab assets/rust.ai/agents/npcplayer/humannpc/scientist/scientistnpc_full_any.prefab spawned but its navigator could not be placed on navmesh; trying the next candidate.
NullReferenceException: Object reference not set to an instance of an object
Scientist[61] was killed by Scientist[38] at (-519.87, 31.40, 659.49)
NullReferenceException: Object reference not set to an instance of an object
Agent still not on navmesh after a warp. No navmesh areas matching agent type? Agent type: 0
[RaidlandsRoamBots] Prefab assets/rust.ai/agents/npcplayer/humannpc/scientist/scientistnpc_roam.prefab spawned but its navigator could not be placed on navmesh; trying the next candidate.
Agent still not on navmesh after a warp. No navmesh areas matching agent type? Agent type: 0
[RaidlandsRoamBots] Prefab assets/rust.ai/agents/npcplayer/humannpc/scientist/scientistnpc_full_any.prefab spawned but its navigator could not be placed on navmesh; trying the next candidate.
[WebsiteVipBridge] Permission sync has no update; website revision=1783280152, local revision=1783280152.
[WebsiteVipBridge] Kit sync has no update; website revision=1783174810, local revision=1783174810.
[WebsiteClanBridge] Clan snapshot synced for 5 clans.
[WebsiteVipBridge] Stats snapshot synced for 67 players and 2921 bots.
Scientist[82] was killed by Scientist[61] at (1101.44, 1.73, 822.43)
NullReferenceException: Object reference not set to an instance of an object
Agent still not on navmesh after a warp. No navmesh areas matching agent type? Agent type: 0
[RaidlandsRoamBots] Prefab assets/rust.ai/agents/npcplayer/humannpc/scientist/scientistnpc_roam.prefab spawned but its navigator could not be placed on navmesh; trying the next candidate.
Agent still not on navmesh after a warp. No navmesh areas matching agent type? Agent type: 0
[RaidlandsRoamBots] Prefab assets/rust.ai/agents/npcplayer/humannpc/scientist/scientistnpc_full_any.prefab spawned but its navigator could not be placed on navmesh; trying the next candidate.
NullReferenceException: Object reference not set to an instance of an object
NullReferenceException: Object reference not set to an instance of an object
NullReferenceException: Object reference not set to an instance of an object
NullReferenceException: Object reference not set to an instance of an object
[RaidlandsRoamBots] Despawned roam bot after invalid terrain/nav position at 552.9, 0.2, 1245.3 (terrain=0.1, terrainDelta=0.1, physicalSurface=0.1, physDelta=0.1, belowTerrain=False, belowPhysical=False, waterMap=-500.0, waterSurface=0.0, underwater=True, safeZone=False, baseRestricted=False, unityNavSample=552.9, 0.3, 1245.3).
Saved 43,579 ents, cache(0.03), write(0.02), disk(0.01).
Saving complete
Agent still not on navmesh after a warp. No navmesh areas matching agent type? Agent type: 0
[RaidlandsRoamBots] Prefab assets/rust.ai/agents/npcplayer/humannpc/scientist/scientistnpc_roam.prefab spawned but its navigator could not be placed on navmesh; trying the next candidate.
Agent still not on navmesh after a warp. No navmesh areas matching agent type? Agent type: 0
[RaidlandsRoamBots] Prefab assets/rust.ai/agents/npcplayer/humannpc/scientist/scientistnpc_full_any.prefab spawned but its navigator could not be placed on navmesh; trying the next candidate.
NullReferenceException: Object reference not set to an instance of an object
NullReferenceException: Object reference not set to an instance of an object
[WebsiteVipBridge] Kit sync has no update; website revision=1783174810, local revision=1783174810.
[WebsiteVipBridge] Permission sync has no update; website revision=1783280152, local revision=1783280152.
[WebsiteClanBridge] Clan snapshot synced for 5 clans.
[DiscordExtension] [Info]: Reconnecting to Discord.
[DiscordExtension] [Info]: Discord socket connected!
[DiscordExtension] [Info]: Your bot RaidLands was found in 1 Guilds!
NullReferenceException: Object reference not set to an instance of an object
NullReferenceException: Object reference not set to an instance of an object
NullReferenceException: Object reference not set to an instance of an object
[WebsiteVipBridge] Stats snapshot synced for 67 players and 2921 bots.
NullReferenceException: Object reference not set to an instance of an object
[WebsiteVipBridge] Permission sync has no update; website revision=1783280152, local revision=1783280152.
[WebsiteVipBridge] Kit sync has no update; website revision=1783174810, local revision=1783174810.
[WebsiteClanBridge] Clan snapshot synced for 5 clans.
[RaidlandsRoamBots] Despawned roam bot after invalid terrain/nav position at 1305.7, 1.2, 1262.6 (terrain=1.1, terrainDelta=0.1, physicalSurface=1.1, physDelta=0.1, belowTerrain=False, belowPhysical=False, waterMap=-500.0, waterSurface=0.0, underwater=True, safeZone=False, baseRestricted=False, unityNavSample=1305.7, 1.3, 1262.6).
Agent still not on navmesh after a warp. No navmesh areas matching agent type? Agent type: 0
[RaidlandsRoamBots] Prefab assets/rust.ai/agents/npcplayer/humannpc/scientist/scientistnpc_roam.prefab spawned but its navigator could not be placed on navmesh; trying the next candidate.
Agent still not on navmesh after a warp. No navmesh areas matching agent type? Agent type: 0
[RaidlandsRoamBots] Prefab assets/rust.ai/agents/npcplayer/humannpc/scientist/scientistnpc_full_any.prefab spawned but its navigator could not be placed on navmesh; trying the next candidate.
NullReferenceException: Object reference not set to an instance of an object
NullReferenceException: Object reference not set to an instance of an object
[RaidlandsRoamBots] Despawned roam bot after invalid terrain/nav position at 1133.6, 0.2, 895.0 (terrain=0.0, terrainDelta=0.2, physicalSurface=0.0, physDelta=0.2, belowTerrain=False, belowPhysical=False, waterMap=-500.0, waterSurface=0.0, underwater=True, safeZone=False, baseRestricted=False, unityNavSample=1133.6, 0.3, 895.0).
Saved 43,525 ents, cache(0.03), write(0.11), disk(0.01).
Saving complete
Agent still not on navmesh after a warp. No navmesh areas matching agent type? Agent type: 0
[RaidlandsRoamBots] Prefab assets/rust.ai/agents/npcplayer/humannpc/scientist/scientistnpc_roam.prefab spawned but its navigator could not be placed on navmesh; trying the next candidate.
Agent still not on navmesh after a warp. No navmesh areas matching agent type? Agent type: 0
[RaidlandsRoamBots] Prefab assets/rust.ai/agents/npcplayer/humannpc/scientist/scientistnpc_full_any.prefab spawned but its navigator could not be placed on navmesh; trying the next candidate.
[WebsiteVipBridge] Permission sync has no update; website revision=1783280152, local revision=1783280152.
[WebsiteVipBridge] Kit sync has no update; website revision=1783174810, local revision=1783174810.
[WebsiteClanBridge] Clan snapshot synced for 5 clans.
[FancyDrop] Timed Airdrop skipped, not enough Players
[FancyDrop] Next timed Airdrop in 45 minutes
[WebsiteVipBridge] Stats snapshot synced for 67 players and 2922 bots.
NullReferenceException: Object reference not set to an instance of an object
Scientist[81] was killed by Scientist[55] at (-64.30, 83.75, 742.60)
Agent still not on navmesh after a warp. No navmesh areas matching agent type? Agent type: 0
[RaidlandsRoamBots] Prefab assets/rust.ai/agents/npcplayer/humannpc/scientist/scientistnpc_roam.prefab spawned but its navigator could not be placed on navmesh; trying the next candidate.
Agent still not on navmesh after a warp. No navmesh areas matching agent type? Agent type: 0
[RaidlandsRoamBots] Prefab assets/rust.ai/agents/npcplayer/humannpc/scientist/scientistnpc_full_any.prefab spawned but its navigator could not be placed on navmesh; trying the next candidate.
[WebsiteVipBridge] Kit sync has no update; website revision=1783174810, local revision=1783174810.
[WebsiteClanBridge] Clan snapshot synced for 5 clans.
[WebsiteVipBridge] Permission sync has no update; website revision=1783280152, local revision=1783280152.
Saved 43,524 ents, cache(0.03), write(0.03), disk(0.01).
Saving complete
Scientist[69] was killed by Scientist[55] at (-69.98, 82.49, 729.92)
Agent still not on navmesh after a warp. No navmesh areas matching agent type? Agent type: 0
[RaidlandsRoamBots] Prefab assets/rust.ai/agents/npcplayer/humannpc/scientist/scientistnpc_roam.prefab spawned but its navigator could not be placed on navmesh; trying the next candidate.
Agent still not on navmesh after a warp. No navmesh areas matching agent type? Agent type: 0
[RaidlandsRoamBots] Prefab assets/rust.ai/agents/npcplayer/humannpc/scientist/scientistnpc_full_any.prefab spawned but its navigator could not be placed on navmesh; trying the next candidate.
[WebsiteClanBridge] Clan snapshot synced for 5 clans.
[WebsiteVipBridge] Kit sync has no update; website revision=1783174810, local revision=1783174810.
[WebsiteVipBridge] Permission sync has no update; website revision=1783280152, local revision=1783280152.
[WebsiteVipBridge] Stats snapshot synced for 67 players and 2923 bots.
[RaidlandsRoamBots] Pruned decision trace JSONL from 155.9 MB to 48.8 MB; kept 50000 recent lines (cap 128.0 MB / 50000 lines).
Scientist[69] was killed by Scientist[83] at (783.87, 32.21, 474.41)
Agent still not on navmesh after a warp. No navmesh areas matching agent type? Agent type: 0
[RaidlandsRoamBots] Prefab assets/rust.ai/agents/npcplayer/humannpc/scientist/scientistnpc_roam.prefab spawned but its navigator could not be placed on navmesh; trying the next candidate.
Agent still not on navmesh after a warp. No navmesh areas matching agent type? Agent type: 0
[RaidlandsRoamBots] Prefab assets/rust.ai/agents/npcplayer/humannpc/scientist/scientistnpc_full_any.prefab spawned but its navigator could not be placed on navmesh; trying the next candidate.
Saved 43,538 ents, cache(0.03), write(0.03), disk(0.01).
Saving complete
[WebsiteVipBridge] Kit sync has no update; website revision=1783174810, local revision=1783174810.
[WebsiteVipBridge] Permission sync has no update; website revision=1783280152, local revision=1783280152.
[WebsiteClanBridge] Clan snapshot synced for 5 clans.
NullReferenceException: Object reference not set to an instance of an object
NullReferenceException: Object reference not set to an instance of an object
NullReferenceException: Object reference not set to an instance of an object
[WebsiteVipBridge] Stats snapshot synced for 67 players and 2924 bots.
[WebsiteVipBridge] Permission sync has no update; website revision=1783280152, local revision=1783280152.
[WebsiteVipBridge] Kit sync has no update; website revision=1783174810, local revision=1783174810.
[WebsiteClanBridge] Clan snapshot synced for 5 clans.
NullReferenceException: Object reference not set to an instance of an object
NullReferenceException: Object reference not set to an instance of an object
Saved 43,506 ents, cache(0.01), write(0.02), disk(0.01).
Saving complete
NullReferenceException: Object reference not set to an instance of an object
[WebsiteClanBridge] Clan snapshot synced for 5 clans.
[WebsiteVipBridge] Permission sync has no update; website revision=1783280152, local revision=1783280152.
[WebsiteVipBridge] Kit sync has no update; website revision=1783174810, local revision=1783174810.
[WebsiteVipBridge] Stats snapshot synced for 67 players and 2924 bots.
[WebsiteVipBridge] Permission sync has no update; website revision=1783280152, local revision=1783280152.
[WebsiteClanBridge] Clan snapshot synced for 5 clans.
[WebsiteVipBridge] Kit sync has no update; website revision=1783174810, local revision=1783174810.
Saved 43,483 ents, cache(0.03), write(0.03), disk(0.01).
Saving complete
[WebsiteVipBridge] Kit sync has no update; website revision=1783174810, local revision=1783174810.
[WebsiteVipBridge] Permission sync has no update; website revision=1783280152, local revision=1783280152.
[WebsiteClanBridge] Clan snapshot synced for 5 clans.
[WebsiteVipBridge] Stats snapshot synced for 67 players and 2924 bots.
Checking for new Steam Item Definitions..
[RaidlandsRoamBots] Pruned decision trace JSONL from 133.0 MB to 48.0 MB; kept 50000 recent lines (cap 128.0 MB / 50000 lines).
Saved 43,484 ents, cache(0.03), write(0.03), disk(0.01).
Saving complete
[WebsiteVipBridge] Kit sync has no update; website revision=1783174810, local revision=1783174810.
[WebsiteVipBridge] Permission sync has no update; website revision=1783280152, local revision=1783280152.
[WebsiteClanBridge] Clan snapshot synced for 5 clans.
NullReferenceException: Object reference not set to an instance of an object
[RaidlandsRoamBots] Despawned roam bot after invalid terrain/nav position at -535.6, 4.1, -1051.6 (terrain=3.9, terrainDelta=0.2, physicalSurface=31.2, physDelta=-27.1, belowTerrain=False, belowPhysical=True, waterMap=-500.0, waterSurface=-500.0, underwater=False, safeZone=False, baseRestricted=False, unityNavSample=-535.6, 4.2, -1051.6).
99.125.80.7:55786/76561198274680338/ababmxking has auth level 2
[WebsiteVipBridge] Stats snapshot synced for 67 players and 2924 bots.
NullReferenceException: Object reference not set to an instance of an object
Agent still not on navmesh after a warp. No navmesh areas matching agent type? Agent type: 0
[RaidlandsRoamBots] Prefab assets/rust.ai/agents/npcplayer/humannpc/scientist/scientistnpc_roam.prefab spawned but its navigator could not be placed on navmesh; trying the next candidate.
Agent still not on navmesh after a warp. No navmesh areas matching agent type? Agent type: 0
[RaidlandsRoamBots] Prefab assets/rust.ai/agents/npcplayer/humannpc/scientist/scientistnpc_full_any.prefab spawned but its navigator could not be placed on navmesh; trying the next candidate.
ababmxking with steamid 76561198274680338 joined from ip 99.125.80.7:55786
	NetworkId 76561198274680338 is 279722 (ababmxking)
PlayerState was from old protocol or different seed, or not from a loaded save. Clearing player state
ababmxking[76561198274680338] has spawned
Scientist[74] was killed by Scientist[60] at (-353.36, 50.57, 429.47)
Agent still not on navmesh after a warp. No navmesh areas matching agent type? Agent type: 0
[RaidlandsRoamBots] Prefab assets/rust.ai/agents/npcplayer/humannpc/scientist/scientistnpc_roam.prefab spawned but its navigator could not be placed on navmesh; trying the next candidate.
Agent still not on navmesh after a warp. No navmesh areas matching agent type? Agent type: 0
[RaidlandsRoamBots] Prefab assets/rust.ai/agents/npcplayer/humannpc/scientist/scientistnpc_full_any.prefab spawned but its navigator could not be placed on navmesh; trying the next candidate.
[WebsiteVipBridge] Kit sync has no update; website revision=1783174810, local revision=1783174810.
[WebsiteClanBridge] Clan snapshot synced for 5 clans.
[WebsiteVipBridge] Permission sync has no update; website revision=1783280152, local revision=1783280152.
[WebsiteVipBridge] Stats snapshot synced for 67 players and 2924 bots.
Scientist[71] was killed by Scientist[436] at (1316.93, 2.20, 1237.35)
Agent still not on navmesh after a warp. No navmesh areas matching agent type? Agent type: 0
Agent still not on navmesh after a warp. No navmesh areas matching agent type? Agent type: 0
[CSharp] Started Oxide.Compiler v successfully
Calling 'OnFuelCheck' on 'SimpleNoVehicleFuel v1.1.1' took 161ms [GARBAGE COLLECT]
Saved 43,543 ents, cache(0.04), write(0.04), disk(0.01).
Saving complete
PortableAirstrikes was compiled successfully in 1636ms
Unloaded plugin PortableAirstrikes v0.1.37 by Raidlands
Duplicate permission registered 'portableairstrikes.use.bee' (by plugin 'PortableAirstrikes')
Duplicate permission registered 'portableairstrikes.use.grenade' (by plugin 'PortableAirstrikes')
Duplicate permission registered 'portableairstrikes.use.utility' (by plugin 'PortableAirstrikes')
Duplicate permission registered 'portableairstrikes.use.rocket' (by plugin 'PortableAirstrikes')
Duplicate permission registered 'portableairstrikes.use.fire' (by plugin 'PortableAirstrikes')
Duplicate permission registered 'portableairstrikes.use.rocket' (by plugin 'PortableAirstrikes')
Duplicate permission registered 'portableairstrikes.use.mortar' (by plugin 'PortableAirstrikes')
[PortableAirstrikes] Registered CID airstrike item 'raidlands.airstrike.designator' itemId=-395118447 parent=tool.binoculars iconFileId=1960872488 maxStackSize=1.
[PortableAirstrikes] Loaded 18 enabled strike definition(s). Charge-backed CID targeting binoculars, automatic tool ping targeting, persisted manual player defaults, scrollable CUI selection, high-rate visual delivery flyovers/artillery sources with autoload-safe repeated sound cues, loot item injection, monument blocking, audit logging/webhooks, cancellable warning calls, heavy warning markers, in-game warning fanout diagnostics, and direct-command executors are active in v0.1.38.
Loaded plugin PortableAirstrikes v0.1.38 by Raidlands
NullReferenceException: Object reference not set to an instance of an object
[WebsiteVipBridge] Posted permission snapshot to website (574 permissions, 51 groups).
Unloaded plugin PortableAirstrikes v0.1.38 by Raidlands
Duplicate permission registered 'portableairstrikes.use.bee' (by plugin 'PortableAirstrikes')
Duplicate permission registered 'portableairstrikes.use.grenade' (by plugin 'PortableAirstrikes')
Duplicate permission registered 'portableairstrikes.use.utility' (by plugin 'PortableAirstrikes')
Duplicate permission registered 'portableairstrikes.use.fire' (by plugin 'PortableAirstrikes')
Duplicate permission registered 'portableairstrikes.use.rocket' (by plugin 'PortableAirstrikes')
Duplicate permission registered 'portableairstrikes.use.rocket' (by plugin 'PortableAirstrikes')
Duplicate permission registered 'portableairstrikes.use.mortar' (by plugin 'PortableAirstrikes')
[PortableAirstrikes] Loaded 18 enabled strike definition(s). Charge-backed CID targeting binoculars, automatic tool ping targeting, persisted manual player defaults, scrollable CUI selection, high-rate visual delivery flyovers/artillery sources with autoload-safe repeated sound cues, loot item injection, monument blocking, audit logging/webhooks, cancellable warning calls, heavy warning markers, in-game warning fanout diagnostics, and direct-command executors are active in v0.1.38.
[PortableAirstrikes] Registered CID airstrike item 'raidlands.airstrike.designator' itemId=-395118447 parent=tool.binoculars iconFileId=1960872488 maxStackSize=1.
Loaded plugin PortableAirstrikes v0.1.38 by Raidlands
[RaidlandsRoamBots] Despawned roam bot after invalid terrain/nav position at 683.0, 49.8, -456.0 (terrain=49.8, terrainDelta=-0.1, physicalSurface=64.8, physDelta=-15.1, belowTerrain=False, belowPhysical=True, waterMap=-500.0, waterSurface=-500.0, underwater=False, safeZone=False, baseRestricted=False, unityNavSample=683.0, 49.9, -456.0).
Agent still not on navmesh after a warp. No navmesh areas matching agent type? Agent type: 0
[RaidlandsRoamBots] Prefab assets/rust.ai/agents/npcplayer/humannpc/scientist/scientistnpc_roam.prefab spawned but its navigator could not be placed on navmesh; trying the next candidate.
Agent still not on navmesh after a warp. No navmesh areas matching agent type? Agent type: 0
[RaidlandsRoamBots] Prefab assets/rust.ai/agents/npcplayer/humannpc/scientist/scientistnpc_full_any.prefab spawned but its navigator could not be placed on navmesh; trying the next candidate.
[WebsiteVipBridge] Posted permission snapshot to website (574 permissions, 51 groups).
Shutting down compiler because idle shutdown
Compiler shutdown completed
Gave 2 Airstrike Targeting Binoculars item(s) to ababmxking.
[RaidlandsRoamBots] Despawned roam bot after invalid terrain/nav position at -1265.1, 0.4, -364.4 (terrain=0.2, terrainDelta=0.2, physicalSurface=0.2, physDelta=0.2, belowTerrain=False, belowPhysical=False, waterMap=-500.0, waterSurface=0.0, underwater=True, safeZone=False, baseRestricted=False, unityNavSample=-1265.1, 0.5, -364.4).
[PortableAirstrikes] Warning fanout: call=76561198274680338:full_mlrs:1783595761 strike=full_mlrs caller=ababmxking(76561198274680338) teamRecipients=0 nearbyRecipients=0 totalRecipients=0 teamEnabled=True nearbyEnabled=False nearbyEligible=False radius=120m marker=True.
[PortableAirstrikes] Audit: started call=76561198274680338:full_mlrs:1783595761 player=ababmxking(76561198274680338) strike=full_mlrs target=ground ping@737.0, 33.4, -307.3 rpCost=0 rpCharged=False tokenConsumed=False refundAttempted=False impactStarted=False state=Warning message="Accepted; warning delay 20s. Public warning marker active. warnings total=0 (team=0, nearby=0; team on, nearby off)."
Agent still not on navmesh after a warp. No navmesh areas matching agent type? Agent type: 0
[RaidlandsRoamBots] Prefab assets/rust.ai/agents/npcplayer/humannpc/scientist/scientistnpc_roam.prefab spawned but its navigator could not be placed on navmesh; trying the next candidate.
Agent still not on navmesh after a warp. No navmesh areas matching agent type? Agent type: 0
[RaidlandsRoamBots] Prefab assets/rust.ai/agents/npcplayer/humannpc/scientist/scientistnpc_full_any.prefab spawned but its navigator could not be placed on navmesh; trying the next candidate.
[WebsiteVipBridge] Kit sync has no update; website revision=1783174810, local revision=1783174810.
[WebsiteClanBridge] Clan snapshot synced for 5 clans.
[WebsiteVipBridge] Permission sync has no update; website revision=1783280152, local revision=1783280152.
[PortableAirstrikes] Audit: completed call=76561198274680338:full_mlrs:1783595761 player=ababmxking(76561198274680338) strike=full_mlrs target=ground ping@737.0, 33.4, -307.3 rpCost=0 rpCharged=False tokenConsumed=False refundAttempted=False impactStarted=True state=Complete message="12 MLRS rocket(s) launched."
[WebsiteVipBridge] Stats snapshot synced for 67 players and 2925 bots.
Scientist[41] was killed by Scientist[438] at (218.61, 38.59, 324.94)
Agent still not on navmesh after a warp. No navmesh areas matching agent type? Agent type: 0
[RaidlandsRoamBots] Prefab assets/rust.ai/agents/npcplayer/humannpc/scientist/scientistnpc_roam.prefab spawned but its navigator could not be placed on navmesh; trying the next candidate.
Agent still not on navmesh after a warp. No navmesh areas matching agent type? Agent type: 0
[RaidlandsRoamBots] Prefab assets/rust.ai/agents/npcplayer/humannpc/scientist/scientistnpc_full_any.prefab spawned but its navigator could not be placed on navmesh; trying the next candidate.
[WebsiteVipBridge] Kit sync has no update; website revision=1783174810, local revision=1783174810.
[WebsiteVipBridge] Permission sync has no update; website revision=1783280152, local revision=1783280152.
[WebsiteClanBridge] Clan snapshot synced for 5 clans.
Saved 43,545 ents, cache(0.03), write(0.03), disk(0.01).
Saving complete
[PortableAirstrikes] Warning fanout: call=76561198274680338:mini_mlrs:1783596111 strike=mini_mlrs caller=ababmxking(76561198274680338) teamRecipients=0 nearbyRecipients=0 totalRecipients=0 teamEnabled=True nearbyEnabled=False nearbyEligible=False radius=120m marker=True.
[PortableAirstrikes] Audit: started call=76561198274680338:mini_mlrs:1783596111 player=ababmxking(76561198274680338) strike=mini_mlrs target=ground ping@747.5, 44.1, -391.6 rpCost=0 rpCharged=False tokenConsumed=False refundAttempted=False impactStarted=False state=Warning message="Accepted; warning delay 15s. Public warning marker active. warnings total=0 (team=0, nearby=0; team on, nearby off)."
[WebsiteVipBridge] Permission sync has no update; website revision=1783280152, local revision=1783280152.
[WebsiteVipBridge] Kit sync has no update; website revision=1783174810, local revision=1783174810.
[WebsiteClanBridge] Clan snapshot synced for 5 clans.
[WebsiteVipBridge] Stats snapshot synced for 67 players and 2925 bots.
[PortableAirstrikes] Audit: completed call=76561198274680338:mini_mlrs:1783596111 player=ababmxking(76561198274680338) strike=mini_mlrs target=ground ping@747.5, 44.1, -391.6 rpCost=0 rpCharged=False tokenConsumed=False refundAttempted=False impactStarted=True state=Complete message="6 MLRS rocket(s) launched."
[RaidlandsRoamBots] Pruned decision trace JSONL from 130.9 MB to 48.6 MB; kept 50000 recent lines (cap 128.0 MB / 50000 lines).
Saved 43,546 ents, cache(0.12), write(0.03), disk(0.01).
Saving complete
[WebsiteVipBridge] Stats snapshot synced for 67 players and 2925 bots.
[WebsiteVipBridge] Kit sync has no update; website revision=1783174810, local revision=1783174810.
[WebsiteVipBridge] Permission sync has no update; website revision=1783280152, local revision=1783280152.
[WebsiteClanBridge] Clan snapshot synced for 5 clans.
[RaidlandsRoamBots] Despawned roam bot after invalid terrain/nav position at 187.5, 0.9, -1164.3 (terrain=0.7, terrainDelta=0.2, physicalSurface=0.7, physDelta=0.2, belowTerrain=False, belowPhysical=False, waterMap=-500.0, waterSurface=0.0, underwater=True, safeZone=False, baseRestricted=False, unityNavSample=187.5, 1.0, -1164.3).
Agent still not on navmesh after a warp. No navmesh areas matching agent type? Agent type: 0
[RaidlandsRoamBots] Prefab assets/rust.ai/agents/npcplayer/humannpc/scientist/scientistnpc_roam.prefab spawned but its navigator could not be placed on navmesh; trying the next candidate.
Agent still not on navmesh after a warp. No navmesh areas matching agent type? Agent type: 0
[RaidlandsRoamBots] Prefab assets/rust.ai/agents/npcplayer/humannpc/scientist/scientistnpc_full_any.prefab spawned but its navigator could not be placed on navmesh; trying the next candidate.
[WebsiteVipBridge] Stats snapshot synced for 67 players and 2926 bots.
[WebsiteVipBridge] Kit sync has no update; website revision=1783174810, local revision=1783174810.
[WebsiteVipBridge] Permission sync has no update; website revision=1783280152, local revision=1783280152.
[WebsiteClanBridge] Clan snapshot synced for 5 clans.
Saved 43,543 ents, cache(0.01), write(0.03), disk(0.01).
Saving complete
[WebsiteVipBridge] Kit sync has no update; website revision=1783174810, local revision=1783174810.
[WebsiteVipBridge] Permission sync has no update; website revision=1783280152, local revision=1783280152.
[WebsiteClanBridge] Clan snapshot synced for 5 clans.
[FancyDrop] Random Airdrop of type 'regular' incoming at: (-79, 66, 555) grid area: K7
[FancyDrop] Timed Airdrop initiated with command 'ad.random'
[FancyDrop] Next timed Airdrop in 54 minutes
[WebsiteVipBridge] Stats snapshot synced for 67 players and 2926 bots.
[WebsiteVipBridge] Kit sync has no update; website revision=1783174810, local revision=1783174810.
[WebsiteClanBridge] Clan snapshot synced for 5 clans.
[WebsiteVipBridge] Permission sync has no update; website revision=1783280152, local revision=1783280152.
Saved 43,537 ents, cache(0.01), write(0.03), disk(0.01).
Saving complete
NullReferenceException: Object reference not set to an instance of an object
NullReferenceException: Object reference not set to an instance of an object
[WebsiteVipBridge] Permission sync has no update; website revision=1783280152, local revision=1783280152.
[WebsiteVipBridge] Kit sync has no update; website revision=1783174810, local revision=1783174810.
[WebsiteClanBridge] Clan snapshot synced for 5 clans.
[WebsiteVipBridge] Stats snapshot synced for 67 players and 2926 bots.
Scientist[480] died (Generic)
Scientist[481] died (Generic)
Scientist[482] died (Generic)
Scientist[483] died (Generic)
Scientist[484] died (Generic)
Scientist[485] died (Generic)
Saved 44,798 ents, cache(0.17), write(0.03), disk(0.01).
Saving complete
NullReferenceException: Object reference not set to an instance of an object
[UnityNavmesh] Starting Navmesh Source Collecting
[UnityNavmesh] Navmesh Source Collecting took 0.00 seconds
[UnityNavmesh] Starting Monument Navmesh Build with 643 sources
[UnityNavmesh] 100%
[UnityNavmesh] Monument Navmesh Build took 2.83 seconds
[WebsiteVipBridge] Stats snapshot synced for 67 players and 2926 bots.
[UnityNavmesh] Starting Navmesh Source Collecting
[UnityNavmesh] Navmesh Source Collecting took 0.00 seconds
[UnityNavmesh] Starting Monument Navmesh Build with 342 sources
[UnityNavmesh] 100%
[UnityNavmesh] Monument Navmesh Build took 0.71 seconds
[UnityNavmesh] Starting Navmesh Source Collecting
[UnityNavmesh] Navmesh Source Collecting took 0.00 seconds
[UnityNavmesh] Starting Monument Navmesh Build with 115 sources
[UnityNavmesh] 1%
[UnityNavmesh] 100%
[UnityNavmesh] Monument Navmesh Build took 1.71 seconds
[WebsiteVipBridge] Kit sync has no update; website revision=1783174810, local revision=1783174810.
[WebsiteVipBridge] Permission sync has no update; website revision=1783280152, local revision=1783280152.
[WebsiteClanBridge] Clan snapshot synced for 5 clans.
[UnityNavmesh] Starting Navmesh Source Collecting
[UnityNavmesh] Navmesh Source Collecting took 0.00 seconds
[UnityNavmesh] Starting Monument Navmesh Build with 375 sources
[UnityNavmesh] 100%
[UnityNavmesh] Monument Navmesh Build took 1.74 seconds
[UnityNavmesh] Starting Navmesh Source Collecting
[UnityNavmesh] Navmesh Source Collecting took 0.00 seconds
[UnityNavmesh] Starting Monument Navmesh Build with 355 sources
[UnityNavmesh] 100%
[UnityNavmesh] Monument Navmesh Build took 0.69 seconds
[UnityNavmesh] Starting Navmesh Source Collecting
[UnityNavmesh] Navmesh Source Collecting took 0.00 seconds
[UnityNavmesh] Starting Monument Navmesh Build with 637 sources
[UnityNavmesh] 100%
[UnityNavmesh] Monument Navmesh Build took 2.71 seconds
[WebsiteVipBridge] Stats snapshot synced for 67 players and 2926 bots.
[RaidlandsRoamBots] Pruned decision trace JSONL from 152.6 MB to 48.0 MB; kept 50000 recent lines (cap 128.0 MB / 50000 lines).
[WebsiteClanBridge] Clan snapshot synced for 5 clans.
[WebsiteVipBridge] Kit sync has no update; website revision=1783174810, local revision=1783174810.
[WebsiteVipBridge] Permission sync has no update; website revision=1783280152, local revision=1783280152.
Saved 44,988 ents, cache(0.03), write(0.02), disk(0.01).
Saving complete
[WebsiteVipBridge] Permission sync has no update; website revision=1783280152, local revision=1783280152.
[WebsiteVipBridge] Kit sync has no update; website revision=1783174810, local revision=1783174810.
[WebsiteClanBridge] Clan snapshot synced for 5 clans.
[WebsiteVipBridge] Stats snapshot synced for 67 players and 2926 bots.
[WebsiteVipBridge] Permission sync has no update; website revision=1783280152, local revision=1783280152.
[WebsiteVipBridge] Kit sync has no update; website revision=1783174810, local revision=1783174810.
[WebsiteClanBridge] Clan snapshot synced for 5 clans.
Saved 44,988 ents, cache(0.03), write(0.03), disk(0.01).
Saving complete
[WebsiteVipBridge] Permission sync has no update; website revision=1783280152, local revision=1783280152.
[WebsiteVipBridge] Kit sync has no update; website revision=1783174810, local revision=1783174810.
[WebsiteClanBridge] Clan snapshot synced for 5 clans.
[WebsiteVipBridge] Stats snapshot synced for 67 players and 2926 bots.
NullReferenceException: Object reference not set to an instance of an object
NullReferenceException: Object reference not set to an instance of an object
server.identity: "rust"
Saved 44,980 ents, cache(0.03), write(0.03), disk(0.01).
Saving complete
[WebsiteVipBridge] Stats snapshot synced for 67 players and 2926 bots.
[WebsiteVipBridge] Kit sync has no update; website revision=1783174810, local revision=1783174810.
[WebsiteVipBridge] Permission sync has no update; website revision=1783280152, local revision=1783280152.
[WebsiteClanBridge] Clan snapshot synced for 5 clans.
NullReferenceException: Object reference not set to an instance of an object
[WebsiteVipBridge] Stats snapshot synced for 67 players and 2926 bots.
[CSharp] Started Oxide.Compiler v successfully
PortableAirstrikes was compiled successfully in 1647ms
Unloaded plugin PortableAirstrikes v0.1.38 by Raidlands
Duplicate permission registered 'portableairstrikes.use.bee' (by plugin 'PortableAirstrikes')
Duplicate permission registered 'portableairstrikes.use.grenade' (by plugin 'PortableAirstrikes')
Duplicate permission registered 'portableairstrikes.use.fire' (by plugin 'PortableAirstrikes')
Duplicate permission registered 'portableairstrikes.use.utility' (by plugin 'PortableAirstrikes')
Duplicate permission registered 'portableairstrikes.use.rocket' (by plugin 'PortableAirstrikes')
Duplicate permission registered 'portableairstrikes.use.rocket' (by plugin 'PortableAirstrikes')
Duplicate permission registered 'portableairstrikes.use.mortar' (by plugin 'PortableAirstrikes')
[PortableAirstrikes] Registered CID airstrike item 'raidlands.airstrike.designator' itemId=-395118447 parent=tool.binoculars iconFileId=1960872488 maxStackSize=1.
[PortableAirstrikes] Loaded 18 enabled strike definition(s). Charge-backed CID targeting binoculars, automatic tool ping targeting, persisted manual player defaults, scrollable CUI selection, high-rate visual delivery flyovers/artillery sources with autoload-safe repeated sound cues, loot item injection, monument blocking, audit logging/webhooks, cancellable warning calls, heavy warning markers, in-game warning fanout diagnostics, and direct-command executors are active in v0.1.39.
Loaded plugin PortableAirstrikes v0.1.39 by Raidlands
[WebsiteVipBridge] Posted permission snapshot to website (574 permissions, 51 groups).
[WebsiteVipBridge] Permission sync has no update; website revision=1783280152, local revision=1783280152.
[WebsiteClanBridge] Clan snapshot synced for 5 clans.
[WebsiteVipBridge] Kit sync has no update; website revision=1783174810, local revision=1783174810.
Unloaded plugin PortableAirstrikes v0.1.39 by Raidlands
Duplicate permission registered 'portableairstrikes.use.bee' (by plugin 'PortableAirstrikes')
Duplicate permission registered 'portableairstrikes.use.grenade' (by plugin 'PortableAirstrikes')
Duplicate permission registered 'portableairstrikes.use.utility' (by plugin 'PortableAirstrikes')
Duplicate permission registered 'portableairstrikes.use.fire' (by plugin 'PortableAirstrikes')
Duplicate permission registered 'portableairstrikes.use.rocket' (by plugin 'PortableAirstrikes')
Duplicate permission registered 'portableairstrikes.use.rocket' (by plugin 'PortableAirstrikes')
Duplicate permission registered 'portableairstrikes.use.mortar' (by plugin 'PortableAirstrikes')
[PortableAirstrikes] Registered CID airstrike item 'raidlands.airstrike.designator' itemId=-395118447 parent=tool.binoculars iconFileId=1960872488 maxStackSize=1.
[PortableAirstrikes] Loaded 18 enabled strike definition(s). Charge-backed CID targeting binoculars, automatic tool ping targeting, persisted manual player defaults, scrollable CUI selection, high-rate visual delivery flyovers/artillery sources with autoload-safe repeated sound cues, loot item injection, monument blocking, audit logging/webhooks, cancellable warning calls, heavy warning markers, in-game warning fanout diagnostics, and direct-command executors are active in v0.1.39.
Loaded plugin PortableAirstrikes v0.1.39 by Raidlands
Shutting down compiler because idle shutdown
Compiler shutdown completed
[WebsiteVipBridge] Posted permission snapshot to website (574 permissions, 51 groups).
[PortableAirstrikes] Warning fanout: call=76561198274680338:full_mlrs:1783598356 strike=full_mlrs caller=ababmxking(76561198274680338) teamRecipients=0 nearbyRecipients=0 totalRecipients=0 teamEnabled=True nearbyEnabled=False nearbyEligible=False radius=120m marker=True.
[PortableAirstrikes] Audit: started call=76561198274680338:full_mlrs:1783598356 player=ababmxking(76561198274680338) strike=full_mlrs target=ground ping@711.7, 43.2, -490.3 rpCost=0 rpCharged=False tokenConsumed=False refundAttempted=False impactStarted=False state=Warning message="Accepted; warning delay 20s. Public warning marker active. warnings total=0 (team=0, nearby=0; team on, nearby off)."
Saved 44,975 ents, cache(0.03), write(0.03), disk(0.01).
Saving complete
Scientist[43] was killed by ababmxking[76561198274680338] at (717.60, 49.76, -457.33)
[PortableAirstrikes] Audit: completed call=76561198274680338:full_mlrs:1783598356 player=ababmxking(76561198274680338) strike=full_mlrs target=ground ping@711.7, 43.2, -490.3 rpCost=0 rpCharged=False tokenConsumed=False refundAttempted=False impactStarted=True state=Complete message="12 MLRS rocket(s) launched."
[Better Chat] [Global] [ADMIN] [OWN] ababmxking: ... it was an mlrs lol
{
  "Channel": 0,
  "Message": "[ADMIN] [OWN] ababmxking: ... it was an mlrs lol",
  "UserId": "76561198274680338",
  "Username": "ababmxking",
  "Color": "#ff6b5f",
  "Time": 1783598406
}
Agent still not on navmesh after a warp. No navmesh areas matching agent type? Agent type: 0
[RaidlandsRoamBots] Prefab assets/rust.ai/agents/npcplayer/humannpc/scientist/scientistnpc_roam.prefab spawned but its navigator could not be placed on navmesh; trying the next candidate.
Agent still not on navmesh after a warp. No navmesh areas matching agent type? Agent type: 0
[RaidlandsRoamBots] Prefab assets/rust.ai/agents/npcplayer/humannpc/scientist/scientistnpc_full_any.prefab spawned but its navigator could not be placed on navmesh; trying the next candidate.
[WebsiteVipBridge] Stats snapshot synced for 67 players and 2926 bots.
[WebsiteVipBridge] Kit sync has no update; website revision=1783174810, local revision=1783174810.
[WebsiteVipBridge] Permission sync has no update; website revision=1783280152, local revision=1783280152.
[WebsiteClanBridge] Clan snapshot synced for 5 clans.
[WebsiteVipBridge] Stats snapshot synced for 67 players and 2926 bots.
[RaidlandsRoamBots] Pruned decision trace JSONL from 152.3 MB to 48.0 MB; kept 50000 recent lines (cap 128.0 MB / 50000 lines).
[RaidlandsRoamBots] Despawned roam bot after invalid terrain/nav position at 637.8, 19.4, 15.4 (terrain=19.2, terrainDelta=0.2, physicalSurface=34.0, physDelta=-14.6, belowTerrain=False, belowPhysical=True, waterMap=-500.0, waterSurface=-500.0, underwater=False, safeZone=False, baseRestricted=False, unityNavSample=637.8, 19.5, 15.4).
Agent still not on navmesh after a warp. No navmesh areas matching agent type? Agent type: 0
[RaidlandsRoamBots] Prefab assets/rust.ai/agents/npcplayer/humannpc/scientist/scientistnpc_roam.prefab spawned but its navigator could not be placed on navmesh; trying the next candidate.
Agent still not on navmesh after a warp. No navmesh areas matching agent type? Agent type: 0
[RaidlandsRoamBots] Prefab assets/rust.ai/agents/npcplayer/humannpc/scientist/scientistnpc_full_any.prefab spawned but its navigator could not be placed on navmesh; trying the next candidate.
[WebsiteVipBridge] Kit sync has no update; website revision=1783174810, local revision=1783174810.
[WebsiteVipBridge] Permission sync has no update; website revision=1783280152, local revision=1783280152.
[WebsiteClanBridge] Clan snapshot synced for 5 clans.
Saved 44,979 ents, cache(0.03), write(0.03), disk(0.01).
Saving complete
[RaidlandsRoamBots] Despawned roam bot after invalid terrain/nav position at -990.1, 21.6, -985.5 (terrain=21.6, terrainDelta=0.0, physicalSurface=57.0, physDelta=-35.4, belowTerrain=False, belowPhysical=True, waterMap=-500.0, waterSurface=-500.0, underwater=False, safeZone=False, baseRestricted=False, unityNavSample=-990.1, 21.7, -985.5).
Agent still not on navmesh after a warp. No navmesh areas matching agent type? Agent type: 0
[RaidlandsRoamBots] Prefab assets/rust.ai/agents/npcplayer/humannpc/scientist/scientistnpc_roam.prefab spawned but its navigator could not be placed on navmesh; trying the next candidate.
Agent still not on navmesh after a warp. No navmesh areas matching agent type? Agent type: 0
[RaidlandsRoamBots] Prefab assets/rust.ai/agents/npcplayer/humannpc/scientist/scientistnpc_full_any.prefab spawned but its navigator could not be placed on navmesh; trying the next candidate.
[RaidlandsRoamBots] Despawned roam bot after invalid terrain/nav position at -951.3, 35.1, -818.4 (terrain=34.8, terrainDelta=0.3, physicalSurface=51.7, physDelta=-16.6, belowTerrain=False, belowPhysical=True, waterMap=-500.0, waterSurface=-500.0, underwater=False, safeZone=False, baseRestricted=False, unityNavSample=-951.3, 35.2, -818.4).
Agent still not on navmesh after a warp. No navmesh areas matching agent type? Agent type: 0
Agent still not on navmesh after a warp. No navmesh areas matching agent type? Agent type: 0
[WebsiteVipBridge] Kit sync has no update; website revision=1783174810, local revision=1783174810.
[WebsiteVipBridge] Permission sync has no update; website revision=1783280152, local revision=1783280152.
[WebsiteClanBridge] Clan snapshot synced for 5 clans.
[WebsiteVipBridge] Stats snapshot synced for 67 players and 2926 bots.
[RaidlandsRoamBots] Despawned roam bot after invalid terrain/nav position at -337.2, 27.4, -178.3 (terrain=25.5, terrainDelta=2.0, physicalSurface=63.8, physDelta=-36.4, belowTerrain=False, belowPhysical=True, waterMap=-500.0, waterSurface=-500.0, underwater=False, safeZone=False, baseRestricted=False, unityNavSample=-337.2, 27.5, -178.3).
Checking for new Steam Item Definitions..
Agent still not on navmesh after a warp. No navmesh areas matching agent type? Agent type: 0
[RaidlandsRoamBots] Prefab assets/rust.ai/agents/npcplayer/humannpc/scientist/scientistnpc_roam.prefab spawned but its navigator could not be placed on navmesh; trying the next candidate.
Agent still not on navmesh after a warp. No navmesh areas matching agent type? Agent type: 0
[RaidlandsRoamBots] Prefab assets/rust.ai/agents/npcplayer/humannpc/scientist/scientistnpc_full_any.prefab spawned but its navigator could not be placed on navmesh; trying the next candidate.
Saved 44,972 ents, cache(0.03), write(0.03), disk(0.01).
Saving complete
[WebsiteVipBridge] Stats snapshot synced for 67 players and 2926 bots.
[WebsiteClanBridge] Clan snapshot synced for 5 clans.
[WebsiteVipBridge] Kit sync has no update; website revision=1783174810, local revision=1783174810.
[WebsiteVipBridge] Permission sync has no update; website revision=1783280152, local revision=1783280152.
[WebsiteVipBridge] Stats snapshot synced for 67 players and 2926 bots.
[WebsiteVipBridge] Kit sync has no update; website revision=1783174810, local revision=1783174810.
[WebsiteClanBridge] Clan snapshot synced for 5 clans.
[WebsiteVipBridge] Permission sync has no update; website revision=1783280152, local revision=1783280152.
Saved 45,002 ents, cache(0.03), write(0.02), disk(0.01).
Saving complete
[RaidlandsRoamBots] Despawned roam bot after invalid terrain/nav position at -1128.7, 8.0, -49.5 (terrain=8.0, terrainDelta=0.0, physicalSurface=12.8, physDelta=-4.8, belowTerrain=False, belowPhysical=True, waterMap=-500.0, waterSurface=-500.0, underwater=False, safeZone=False, baseRestricted=False, unityNavSample=-1128.7, 8.1, -49.5).
Agent still not on navmesh after a warp. No navmesh areas matching agent type? Agent type: 0
[RaidlandsRoamBots] Prefab assets/rust.ai/agents/npcplayer/humannpc/scientist/scientistnpc_roam.prefab spawned but its navigator could not be placed on navmesh; trying the next candidate.
Agent still not on navmesh after a warp. No navmesh areas matching agent type? Agent type: 0
[RaidlandsRoamBots] Prefab assets/rust.ai/agents/npcplayer/humannpc/scientist/scientistnpc_full_any.prefab spawned but its navigator could not be placed on navmesh; trying the next candidate.
[RaidlandsRoamBots] Despawned roam bot after invalid terrain/nav position at 435.5, 43.6, 1234.5 (terrain=48.8, terrainDelta=-5.2, physicalSurface=49.3, physDelta=-5.7, belowTerrain=True, belowPhysical=True, waterMap=-500.0, waterSurface=-500.0, underwater=False, safeZone=False, baseRestricted=False, unityNavSample=435.5, 43.7, 1234.5).
Agent still not on navmesh after a warp. No navmesh areas matching agent type? Agent type: 0
Agent still not on navmesh after a warp. No navmesh areas matching agent type? Agent type: 0
Scientist[85] was killed by Scientist[438] at (267.93, 30.79, 223.52)
Agent still not on navmesh after a warp. No navmesh areas matching agent type? Agent type: 0
[RaidlandsRoamBots] Prefab assets/rust.ai/agents/npcplayer/humannpc/scientist/scientistnpc_roam.prefab spawned but its navigator could not be placed on navmesh; trying the next candidate.
Agent still not on navmesh after a warp. No navmesh areas matching agent type? Agent type: 0
[RaidlandsRoamBots] Prefab assets/rust.ai/agents/npcplayer/humannpc/scientist/scientistnpc_full_any.prefab spawned but its navigator could not be placed on navmesh; trying the next candidate.
[WebsiteVipBridge] Kit sync has no update; website revision=1783174810, local revision=1783174810.
[WebsiteClanBridge] Clan snapshot synced for 5 clans.
[WebsiteVipBridge] Permission sync has no update; website revision=1783280152, local revision=1783280152.
Scientist[80] was killed by Scientist[55] at (23.20, 19.45, 850.32)
Agent still not on navmesh after a warp. No navmesh areas matching agent type? Agent type: 0
[RaidlandsRoamBots] Prefab assets/rust.ai/agents/npcplayer/humannpc/scientist/scientistnpc_roam.prefab spawned but its navigator could not be placed on navmesh; trying the next candidate.
Agent still not on navmesh after a warp. No navmesh areas matching agent type? Agent type: 0
[RaidlandsRoamBots] Prefab assets/rust.ai/agents/npcplayer/humannpc/scientist/scientistnpc_full_any.prefab spawned but its navigator could not be placed on navmesh; trying the next candidate.
[WebsiteVipBridge] Stats snapshot synced for 67 players and 2927 bots.
Scientist[80] was killed by Scientist[47] at (-362.00, 65.15, -717.98)
Scientist[431] was killed by Scientist[70] at (-286.00, 30.93, 159.91)
[WebsiteClanBridge] Clan snapshot synced for 5 clans.
[WebsiteVipBridge] Permission sync has no update; website revision=1783280152, local revision=1783280152.
[WebsiteVipBridge] Kit sync has no update; website revision=1783174810, local revision=1783174810.
Scientist[431] was killed by Scientist[49] at (-495.80, 33.96, 429.39)
Agent still not on navmesh after a warp. No navmesh areas matching agent type? Agent type: 0
[RaidlandsRoamBots] Prefab assets/rust.ai/agents/npcplayer/humannpc/scientist/scientistnpc_roam.prefab spawned but its navigator could not be placed on navmesh; trying the next candidate.
Agent still not on navmesh after a warp. No navmesh areas matching agent type? Agent type: 0
[RaidlandsRoamBots] Prefab assets/rust.ai/agents/npcplayer/humannpc/scientist/scientistnpc_full_any.prefab spawned but its navigator could not be placed on navmesh; trying the next candidate.
Saved 45,053 ents, cache(0.03), write(0.03), disk(0.01).
Saving complete
server.identity: "rust"
Variables:
 server.filefolderoverride (Generated) Override the root storage folder for server files; leave empty to use the default server/identity path ()
 server.identity          (Generated) Unique identifier for this server instance; determines the subfolder used for saves, configs and map data (rust)

Commands:

[RaidlandsRoamBots] Despawned roam bot after invalid terrain/nav position at -325.2, 31.1, 99.1 (terrain=27.9, terrainDelta=3.2, physicalSurface=99.9, physDelta=-68.8, belowTerrain=False, belowPhysical=True, waterMap=-500.0, waterSurface=-500.0, underwater=False, safeZone=False, baseRestricted=False, unityNavSample=-325.2, 31.1, 99.1).
Agent still not on navmesh after a warp. No navmesh areas matching agent type? Agent type: 0
[RaidlandsRoamBots] Prefab assets/rust.ai/agents/npcplayer/humannpc/scientist/scientistnpc_roam.prefab spawned but its navigator could not be placed on navmesh; trying the next candidate.
Agent still not on navmesh after a warp. No navmesh areas matching agent type? Agent type: 0
[RaidlandsRoamBots] Prefab assets/rust.ai/agents/npcplayer/humannpc/scientist/scientistnpc_full_any.prefab spawned but its navigator could not be placed on navmesh; trying the next candidate.
[RaidlandsRoamBots] Despawned roam bot after invalid terrain/nav position at -499.1, 35.7, 406.6 (terrain=33.9, terrainDelta=1.8, physicalSurface=39.0, physDelta=-3.2, belowTerrain=False, belowPhysical=True, waterMap=-500.0, waterSurface=-500.0, underwater=False, safeZone=False, baseRestricted=False, unityNavSample=-499.1, 35.7, 406.6).
Agent still not on navmesh after a warp. No navmesh areas matching agent type? Agent type: 0
[RaidlandsRoamBots] Prefab assets/rust.ai/agents/npcplayer/humannpc/scientist/scientistnpc_roam.prefab spawned but its navigator could not be placed on navmesh; trying the next candidate.
Agent still not on navmesh after a warp. No navmesh areas matching agent type? Agent type: 0
[RaidlandsRoamBots] Prefab assets/rust.ai/agents/npcplayer/humannpc/scientist/scientistnpc_full_any.prefab spawned but its navigator could not be placed on navmesh; trying the next candidate.
NullReferenceException: Object reference not set to an instance of an object
Scientist[78] was killed by Scientist[49] at (-822.27, 26.16, -883.80)
Agent still not on navmesh after a warp. No navmesh areas matching agent type? Agent type: 0
Agent still not on navmesh after a warp. No navmesh areas matching agent type? Agent type: 0
[WebsiteVipBridge] Permission sync has no update; website revision=1783280152, local revision=1783280152.
[WebsiteVipBridge] Kit sync has no update; website revision=1783174810, local revision=1783174810.
[WebsiteClanBridge] Clan snapshot synced for 5 clans.
[WebsiteVipBridge] Stats snapshot synced for 67 players and 2929 bots.
Scientist[431] was killed by Scientist[436] at (1280.71, 3.19, 1179.00)
Agent still not on navmesh after a warp. No navmesh areas matching agent type? Agent type: 0
[RaidlandsRoamBots] Prefab assets/rust.ai/agents/npcplayer/humannpc/scientist/scientistnpc_roam.prefab spawned but its navigator could not be placed on navmesh; trying the next candidate.
Agent still not on navmesh after a warp. No navmesh areas matching agent type? Agent type: 0
[RaidlandsRoamBots] Prefab assets/rust.ai/agents/npcplayer/humannpc/scientist/scientistnpc_full_any.prefab spawned but its navigator could not be placed on navmesh; trying the next candidate.
Scientist[81] was killed by Scientist[78] at (357.87, 73.60, 695.47)
Agent still not on navmesh after a warp. No navmesh areas matching agent type? Agent type: 0
Agent still not on navmesh after a warp. No navmesh areas matching agent type? Agent type: 0
Scientist[49] was killed by Scientist[85] at (-832.63, 24.03, -901.10)
Agent still not on navmesh after a warp. No navmesh areas matching agent type? Agent type: 0
[RaidlandsRoamBots] Prefab assets/rust.ai/agents/npcplayer/humannpc/scientist/scientistnpc_roam.prefab spawned but its navigator could not be placed on navmesh; trying the next candidate.
Agent still not on navmesh after a warp. No navmesh areas matching agent type? Agent type: 0
[RaidlandsRoamBots] Prefab assets/rust.ai/agents/npcplayer/humannpc/scientist/scientistnpc_full_any.prefab spawned but its navigator could not be placed on navmesh; trying the next candidate.
[RaidlandsRoamBots] Pruned decision trace JSONL from 154.7 MB to 49.8 MB; kept 50000 recent lines (cap 128.0 MB / 50000 lines).
[RaidlandsRoamBots] Despawned roam bot after invalid terrain/nav position at -167.9, 14.9, -615.2 (terrain=14.8, terrainDelta=0.2, physicalSurface=14.8, physDelta=0.2, belowTerrain=False, belowPhysical=False, waterMap=15.5, waterSurface=15.5, underwater=True, safeZone=False, baseRestricted=False, unityNavSample=-167.9, 15.0, -615.2).
Agent still not on navmesh after a warp. No navmesh areas matching agent type? Agent type: 0
[RaidlandsRoamBots] Prefab assets/rust.ai/agents/npcplayer/humannpc/scientist/scientistnpc_roam.prefab spawned but its navigator could not be placed on navmesh; trying the next candidate.
Agent still not on navmesh after a warp. No navmesh areas matching agent type? Agent type: 0
[RaidlandsRoamBots] Prefab assets/rust.ai/agents/npcplayer/humannpc/scientist/scientistnpc_full_any.prefab spawned but its navigator could not be placed on navmesh; trying the next candidate.
Saved 45,100 ents, cache(0.03), write(0.03), disk(0.01).
Saving complete
[WebsiteVipBridge] Stats snapshot synced for 67 players and 2930 bots.
Scientist[438] was killed by Scientist[49] at (280.48, 71.92, 457.86)
Agent still not on navmesh after a warp. No navmesh areas matching agent type? Agent type: 0
[RaidlandsRoamBots] Prefab assets/rust.ai/agents/npcplayer/humannpc/scientist/scientistnpc_roam.prefab spawned but its navigator could not be placed on navmesh; trying the next candidate.
Agent still not on navmesh after a warp. No navmesh areas matching agent type? Agent type: 0
[RaidlandsRoamBots] Prefab assets/rust.ai/agents/npcplayer/humannpc/scientist/scientistnpc_full_any.prefab spawned but its navigator could not be placed on navmesh; trying the next candidate.
[WebsiteVipBridge] Kit sync has no update; website revision=1783174810, local revision=1783174810.
[WebsiteVipBridge] Permission sync has no update; website revision=1783280152, local revision=1783280152.
[WebsiteClanBridge] Clan snapshot synced for 5 clans.
Scientist[431] was killed by Scientist[67] at (-631.80, 12.33, -790.23)
Agent still not on navmesh after a warp. No navmesh areas matching agent type? Agent type: 0
[RaidlandsRoamBots] Prefab assets/rust.ai/agents/npcplayer/humannpc/scientist/scientistnpc_roam.prefab spawned but its navigator could not be placed on navmesh; trying the next candidate.
Agent still not on navmesh after a warp. No navmesh areas matching agent type? Agent type: 0
[RaidlandsRoamBots] Prefab assets/rust.ai/agents/npcplayer/humannpc/scientist/scientistnpc_full_any.prefab spawned but its navigator could not be placed on navmesh; trying the next candidate.
[FancyDrop] Random Airdrop of type 'regular' incoming at: (-1079, 6, -477) grid area: E14
[FancyDrop] Timed Airdrop initiated with command 'ad.random'
[FancyDrop] Next timed Airdrop in 40 minutes
[RaidlandsRoamBots] Despawned roam bot after hard-stuck pathing (30 failed paths, stuck 155s, state=Roam).
Agent still not on navmesh after a warp. No navmesh areas matching agent type? Agent type: 0
[RaidlandsRoamBots] Prefab assets/rust.ai/agents/npcplayer/humannpc/scientist/scientistnpc_roam.prefab spawned but its navigator could not be placed on navmesh; trying the next candidate.
Agent still not on navmesh after a warp. No navmesh areas matching agent type? Agent type: 0
[RaidlandsRoamBots] Prefab assets/rust.ai/agents/npcplayer/humannpc/scientist/scientistnpc_full_any.prefab spawned but its navigator could not be placed on navmesh; trying the next candidate.
[WebsiteVipBridge] Stats snapshot synced for 67 players and 2930 bots.
Scientist[78] was killed by Scientist[39] at (416.03, 65.31, 660.22)
Agent still not on navmesh after a warp. No navmesh areas matching agent type? Agent type: 0
Agent still not on navmesh after a warp. No navmesh areas matching agent type? Agent type: 0
[WebsiteVipBridge] Permission sync has no update; website revision=1783280152, local revision=1783280152.
[WebsiteVipBridge] Kit sync has no update; website revision=1783174810, local revision=1783174810.
[WebsiteClanBridge] Clan snapshot synced for 5 clans.
Scientist[78] was killed by Scientist[54] at (-1313.69, 3.39, -434.35)
Agent still not on navmesh after a warp. No navmesh areas matching agent type? Agent type: 0
[RaidlandsRoamBots] Prefab assets/rust.ai/agents/npcplayer/humannpc/scientist/scientistnpc_roam.prefab spawned but its navigator could not be placed on navmesh; trying the next candidate.
Agent still not on navmesh after a warp. No navmesh areas matching agent type? Agent type: 0
[RaidlandsRoamBots] Prefab assets/rust.ai/agents/npcplayer/humannpc/scientist/scientistnpc_full_any.prefab spawned but its navigator could not be placed on navmesh; trying the next candidate.
[RaidlandsRoamBots] Despawned roam bot after invalid terrain/nav position at -1131.8, 2.1, -186.9 (terrain=2.0, terrainDelta=0.0, physicalSurface=9.8, physDelta=-7.7, belowTerrain=False, belowPhysical=True, waterMap=-500.0, waterSurface=-500.0, underwater=False, safeZone=False, baseRestricted=False, unityNavSample=-1131.8, 2.2, -186.9).
Agent still not on navmesh after a warp. No navmesh areas matching agent type? Agent type: 0
Agent still not on navmesh after a warp. No navmesh areas matching agent type? Agent type: 0
Saved 45,151 ents, cache(0.03), write(0.03), disk(0.01).
Saving complete
[WebsiteVipBridge] Permission sync has no update; website revision=1783280152, local revision=1783280152.
[WebsiteClanBridge] Clan snapshot synced for 5 clans.
[WebsiteVipBridge] Kit sync has no update; website revision=1783174810, local revision=1783174810.
[WebsiteVipBridge] Stats snapshot synced for 67 players and 2931 bots.
[RaidlandsRoamBots] Despawned roam bot after invalid terrain/nav position at 1134.6, 0.2, 895.2 (terrain=0.0, terrainDelta=0.2, physicalSurface=0.0, physDelta=0.2, belowTerrain=False, belowPhysical=False, waterMap=-500.0, waterSurface=0.0, underwater=True, safeZone=False, baseRestricted=False, unityNavSample=1134.6, 0.3, 895.2).
Scientist[55] was killed by Scientist[63] at (167.53, 31.39, 755.21)
Agent still not on navmesh after a warp. No navmesh areas matching agent type? Agent type: 0
[RaidlandsRoamBots] Prefab assets/rust.ai/agents/npcplayer/humannpc/scientist/scientistnpc_roam.prefab spawned but its navigator could not be placed on navmesh; trying the next candidate.
Agent still not on navmesh after a warp. No navmesh areas matching agent type? Agent type: 0
[RaidlandsRoamBots] Prefab assets/rust.ai/agents/npcplayer/humannpc/scientist/scientistnpc_full_any.prefab spawned but its navigator could not be placed on navmesh; trying the next candidate.
[WebsiteClanBridge] Clan snapshot synced for 5 clans.
[WebsiteVipBridge] Kit sync has no update; website revision=1783174810, local revision=1783174810.
[WebsiteVipBridge] Permission sync has no update; website revision=1783280152, local revision=1783280152.
Saved 45,165 ents, cache(0.03), write(0.03), disk(0.01).
Saving complete
[WebsiteVipBridge] Kit sync has no update; website revision=1783174810, local revision=1783174810.
[WebsiteClanBridge] Clan snapshot synced for 5 clans.
[WebsiteVipBridge] Permission sync has no update; website revision=1783280152, local revision=1783280152.
[WebsiteVipBridge] Stats snapshot synced for 67 players and 2932 bots.
NullReferenceException: Object reference not set to an instance of an object
[RaidlandsRoamBots] Pruned decision trace JSONL from 130.7 MB to 48.5 MB; kept 50000 recent lines (cap 128.0 MB / 50000 lines).
NullReferenceException: Object reference not set to an instance of an object
NullReferenceException: Object reference not set to an instance of an object
Saved 45,154 ents, cache(0.03), write(0.03), disk(0.01).
Saving complete
[WebsiteVipBridge] Stats snapshot synced for 67 players and 2932 bots.
[WebsiteVipBridge] Kit sync has no update; website revision=1783174810, local revision=1783174810.
[WebsiteVipBridge] Permission sync has no update; website revision=1783280152, local revision=1783280152.
[WebsiteClanBridge] Clan snapshot synced for 5 clans.
NullReferenceException: Object reference not set to an instance of an object
NullReferenceException: Object reference not set to an instance of an object
[WebsiteVipBridge] Stats snapshot synced for 67 players and 2932 bots.
[WebsiteVipBridge] Kit sync has no update; website revision=1783174810, local revision=1783174810.
[WebsiteVipBridge] Permission sync has no update; website revision=1783280152, local revision=1783280152.
[WebsiteClanBridge] Clan snapshot synced for 5 clans.
[RaidlandsRoamBots] Despawned roam bot after invalid terrain/nav position at -1252.2, 0.5, -379.4 (terrain=0.4, terrainDelta=0.1, physicalSurface=0.4, physDelta=0.1, belowTerrain=False, belowPhysical=False, waterMap=-500.0, waterSurface=0.0, underwater=True, safeZone=False, baseRestricted=False, unityNavSample=-1252.2, 0.6, -379.4).
Agent still not on navmesh after a warp. No navmesh areas matching agent type? Agent type: 0
[RaidlandsRoamBots] Prefab assets/rust.ai/agents/npcplayer/humannpc/scientist/scientistnpc_roam.prefab spawned but its navigator could not be placed on navmesh; trying the next candidate.
Agent still not on navmesh after a warp. No navmesh areas matching agent type? Agent type: 0
[RaidlandsRoamBots] Prefab assets/rust.ai/agents/npcplayer/humannpc/scientist/scientistnpc_full_any.prefab spawned but its navigator could not be placed on navmesh; trying the next candidate.
NullReferenceException: Object reference not set to an instance of an object
NullReferenceException: Object reference not set to an instance of an object
NullReferenceException: Object reference not set to an instance of an object
Saved 45,121 ents, cache(0.03), write(0.03), disk(0.01).
Saving complete
NullReferenceException: Object reference not set to an instance of an object
[WebsiteVipBridge] Permission sync has no update; website revision=1783280152, local revision=1783280152.
[WebsiteVipBridge] Kit sync has no update; website revision=1783174810, local revision=1783174810.
[WebsiteClanBridge] Clan snapshot synced for 5 clans.
NullReferenceException: Object reference not set to an instance of an object
[WebsiteVipBridge] Stats snapshot synced for 67 players and 2932 bots.
NullReferenceException: Object reference not set to an instance of an object
[DiscordExtension] [Info]: Reconnecting to Discord.
[DiscordExtension] [Info]: Discord socket connected!
[DiscordExtension] [Info]: Your bot RaidLands was found in 1 Guilds!
[WebsiteVipBridge] Permission sync has no update; website revision=1783280152, local revision=1783280152.
[WebsiteVipBridge] Kit sync has no update; website revision=1783174810, local revision=1783174810.
[WebsiteClanBridge] Clan snapshot synced for 5 clans.
NullReferenceException: Object reference not set to an instance of an object
Saved 45,087 ents, cache(0.03), write(0.03), disk(0.01).
Saving complete
NullReferenceException: Object reference not set to an instance of an object
[WebsiteVipBridge] Permission sync has no update; website revision=1783280152, local revision=1783280152.
[WebsiteVipBridge] Kit sync has no update; website revision=1783174810, local revision=1783174810.
[WebsiteClanBridge] Clan snapshot synced for 5 clans.
[WebsiteVipBridge] Stats snapshot synced for 67 players and 2932 bots.
[WebsiteVipBridge] RP point request sync skipped because a previous poll is still in flight.
[RaidlandsRoamBots] Pruned decision trace JSONL from 130.0 MB to 47.9 MB; kept 50000 recent lines (cap 128.0 MB / 50000 lines).
[WebsiteVipBridge] RP point request sync skipped because a previous poll is still in flight.
[WebsiteVipBridge] RP point request sync skipped because a previous poll is still in flight.
[WebsiteVipBridge] RP point request sync skipped because a previous poll is still in flight.
Saved 45,079 ents, cache(0.03), write(0.03), disk(0.01).
Saving complete
[WebsiteVipBridge] Stats snapshot synced for 67 players and 2932 bots.
[WebsiteVipBridge] RP point request sync skipped because a previous poll is still in flight.
[WebsiteVipBridge] Permission sync has no update; website revision=1783280152, local revision=1783280152.
[WebsiteVipBridge] Kit sync has no update; website revision=1783174810, local revision=1783174810.
[WebsiteClanBridge] Clan snapshot synced for 5 clans.
NullReferenceException: Object reference not set to an instance of an object
[WebsiteVipBridge] RP point request sync skipped because a previous poll is still in flight.
[WebsiteVipBridge] RP point request sync skipped because a previous poll is still in flight.
[WebsiteVipBridge] RP point request sync skipped because a previous poll is still in flight.
[WebsiteVipBridge] RP point request sync skipped because a previous poll is still in flight.
[WebsiteVipBridge] Stats snapshot synced for 67 players and 2932 bots.
server.filefolderoverride: ""
[WebsiteVipBridge] RP point request sync skipped because a previous poll is still in flight.
[WebsiteVipBridge] RP point request sync skipped because a previous poll is still in flight.
[WebsiteClanBridge] Clan snapshot synced for 5 clans.
[WebsiteVipBridge] Kit sync has no update; website revision=1783174810, local revision=1783174810.
[WebsiteVipBridge] Permission sync has no update; website revision=1783280152, local revision=1783280152.
[WebsiteVipBridge] RP point request sync skipped because a previous poll is still in flight.
[WebsiteVipBridge] RP point request sync skipped because a previous poll is still in flight.
[WebsiteVipBridge] RP point request sync skipped because a previous poll is still in flight.
Saved 45,074 ents, cache(0.02), write(0.02), disk(0.01).
Saving complete
[WebsiteVipBridge] RP point request sync skipped because a previous poll is still in flight.
[WebsiteVipBridge] RP point request sync skipped because a previous poll is still in flight.
[WebsiteVipBridge] RP point request sync skipped because a previous poll is still in flight.
[WebsiteVipBridge] Permission sync has no update; website revision=1783280152, local revision=1783280152.
[WebsiteVipBridge] Kit sync has no update; website revision=1783174810, local revision=1783174810.
[WebsiteClanBridge] Clan snapshot synced for 5 clans.
[WebsiteVipBridge] RP point request sync skipped because a previous poll is still in flight.
[WebsiteVipBridge] RP point request sync skipped because a previous poll is still in flight.
[WebsiteVipBridge] Stats snapshot synced for 67 players and 2932 bots.
[WebsiteVipBridge] RP point request sync skipped because a previous poll is still in flight.
[WebsiteVipBridge] RP point request sync skipped because a previous poll is still in flight.
[WebsiteVipBridge] RP point request sync skipped because a previous poll is still in flight.
[WebsiteVipBridge] RP point request sync skipped because a previous poll is still in flight.
[WebsiteClanBridge] Clan snapshot synced for 5 clans.
[WebsiteVipBridge] Kit sync has no update; website revision=1783174810, local revision=1783174810.
[WebsiteVipBridge] Permission sync has no update; website revision=1783280152, local revision=1783280152.
[WebsiteVipBridge] RP point request sync skipped because a previous poll is still in flight.
Saved 45,071 ents, cache(0.03), write(0.04), disk(0.01).
Saving complete
[WebsiteVipBridge] RP point request sync skipped because a previous poll is still in flight.
[WebsiteVipBridge] RP point request sync skipped because a previous poll is still in flight.
[WebsiteVipBridge] RP point request sync skipped because a previous poll is still in flight.
[FancyDrop] Random Airdrop of type 'regular' incoming at: (190, 32, 706) grid area: M6
[FancyDrop] Timed Airdrop initiated with command 'ad.random'
[FancyDrop] Next timed Airdrop in 55 minutes
[WebsiteVipBridge] RP point request sync skipped because a previous poll is still in flight.
[WebsiteVipBridge] RP point request sync skipped because a previous poll is still in flight.
[WebsiteVipBridge] Permission sync has no update; website revision=1783280152, local revision=1783280152.
[WebsiteVipBridge] Kit sync has no update; website revision=1783174810, local revision=1783174810.
[WebsiteClanBridge] Clan snapshot synced for 5 clans.
[WebsiteVipBridge] Stats snapshot synced for 67 players and 2932 bots.
[WebsiteVipBridge] RP point request sync skipped because a previous poll is still in flight.
Checking for new Steam Item Definitions..
[WebsiteVipBridge] RP point request sync skipped because a previous poll is still in flight.
[WebsiteVipBridge] RP point request sync skipped because a previous poll is still in flight.
[RaidlandsRoamBots] Pruned decision trace JSONL from 131.9 MB to 48.1 MB; kept 50000 recent lines (cap 128.0 MB / 50000 lines).
[WebsiteVipBridge] RP point request sync skipped because a previous poll is still in flight.
[WebsiteVipBridge] RP point request sync skipped because a previous poll is still in flight.
Saved 45,074 ents, cache(0.03), write(0.03), disk(0.01).
Saving complete
[WebsiteVipBridge] Stats snapshot synced for 67 players and 2932 bots.
[WebsiteVipBridge] RP point request sync skipped because a previous poll is still in flight.
[WebsiteVipBridge] Kit sync has no update; website revision=1783174810, local revision=1783174810.
[WebsiteVipBridge] Permission sync has no update; website revision=1783280152, local revision=1783280152.
[WebsiteClanBridge] Clan snapshot synced for 5 clans.
[WebsiteVipBridge] RP point request sync skipped because a previous poll is still in flight.
[WebsiteVipBridge] RP point request sync skipped because a previous poll is still in flight.
[WebsiteVipBridge] RP point request sync skipped because a previous poll is still in flight.
[DiscordExtension] [Info]: Reconnecting to Discord.
[DiscordExtension] [Info]: Discord socket connected!
[DiscordExtension] [Info]: Your bot RaidLands was found in 1 Guilds!
[WebsiteVipBridge] RP point request sync skipped because a previous poll is still in flight.
[WebsiteVipBridge] Stats snapshot synced for 67 players and 2932 bots.
[WebsiteVipBridge] RP point request sync skipped because a previous poll is still in flight.
[WebsiteVipBridge] RP point request sync skipped because a previous poll is still in flight.
[WebsiteClanBridge] Clan snapshot synced for 5 clans.
[WebsiteVipBridge] Permission sync has no update; website revision=1783280152, local revision=1783280152.
[WebsiteVipBridge] Kit sync has no update; website revision=1783174810, local revision=1783174810.
[WebsiteVipBridge] RP point request sync skipped because a previous poll is still in flight.
[WebsiteVipBridge] RP point request sync skipped because a previous poll is still in flight.
[WebsiteVipBridge] RP point request sync skipped because a previous poll is still in flight.
Saved 45,056 ents, cache(0.03), write(0.03), disk(0.01).
Saving complete
[WebsiteVipBridge] RP point request sync skipped because a previous poll is still in flight.
[WebsiteVipBridge] RP point request sync skipped because a previous poll is still in flight.
[WebsiteVipBridge] RP point request sync skipped because a previous poll is still in flight.
[WebsiteVipBridge] Permission sync has no update; website revision=1783280152, local revision=1783280152.
[WebsiteVipBridge] Kit sync has no update; website revision=1783174810, local revision=1783174810.
[WebsiteClanBridge] Clan snapshot synced for 5 clans.
[WebsiteVipBridge] RP point request sync skipped because a previous poll is still in flight.
[WebsiteVipBridge] RP point request sync skipped because a previous poll is still in flight.
[WebsiteVipBridge] Stats snapshot synced for 67 players and 2932 bots.
[WebsiteVipBridge] RP point request sync skipped because a previous poll is still in flight.
[WebsiteVipBridge] RP point request sync skipped because a previous poll is still in flight.
[WebsiteVipBridge] RP point request sync skipped because a previous poll is still in flight.
[WebsiteVipBridge] RP point request sync skipped because a previous poll is still in flight.
[WebsiteVipBridge] Permission sync has no update; website revision=1783280152, local revision=1783280152.
[WebsiteVipBridge] Kit sync has no update; website revision=1783174810, local revision=1783174810.
[WebsiteClanBridge] Clan snapshot synced for 5 clans.
[WebsiteVipBridge] RP point request sync skipped because a previous poll is still in flight.
Saved 45,079 ents, cache(0.03), write(0.04), disk(0.01).
Saving complete
[WebsiteVipBridge] RP point request sync skipped because a previous poll is still in flight.
[WebsiteVipBridge] RP point request sync skipped because a previous poll is still in flight.
[WebsiteVipBridge] RP point request sync skipped because a previous poll is still in flight.
[WebsiteVipBridge] RP point request sync skipped because a previous poll is still in flight.
[WebsiteVipBridge] RP point request sync skipped because a previous poll is still in flight.
[WebsiteClanBridge] Clan snapshot synced for 5 clans.
[WebsiteVipBridge] Kit sync has no update; website revision=1783174810, local revision=1783174810.
[WebsiteVipBridge] Permission sync has no update; website revision=1783280152, local revision=1783280152.
[WebsiteVipBridge] Stats snapshot synced for 67 players and 2932 bots.
[WebsiteVipBridge] RP point request sync skipped because a previous poll is still in flight.
[WebsiteVipBridge] RP point request sync skipped because a previous poll is still in flight.
[WebsiteVipBridge] RP point request sync skipped because a previous poll is still in flight.
[RaidlandsRoamBots] Pruned decision trace JSONL from 130.8 MB to 48.1 MB; kept 50000 recent lines (cap 128.0 MB / 50000 lines).
[WebsiteVipBridge] RP point request sync skipped because a previous poll is still in flight.
[WebsiteVipBridge] RP point request sync skipped because a previous poll is still in flight.
Saved 45,080 ents, cache(0.03), write(0.13), disk(0.01).
Saving complete
[WebsiteVipBridge] Stats snapshot synced for 67 players and 2932 bots.
[WebsiteVipBridge] RP point request sync skipped because a previous poll is still in flight.
[WebsiteVipBridge] Permission sync has no update; website revision=1783280152, local revision=1783280152.
[WebsiteVipBridge] Kit sync has no update; website revision=1783174810, local revision=1783174810.
[WebsiteClanBridge] Clan snapshot synced for 5 clans.
[WebsiteVipBridge] RP point request sync skipped because a previous poll is still in flight.
[WebsiteVipBridge] RP point request sync skipped because a previous poll is still in flight.
[WebsiteVipBridge] RP point request sync skipped because a previous poll is still in flight.
[WebsiteVipBridge] RP point request sync skipped because a previous poll is still in flight.
[WebsiteVipBridge] Stats snapshot synced for 67 players and 2932 bots.
[WebsiteVipBridge] RP point request sync skipped because a previous poll is still in flight.
[WebsiteVipBridge] RP point request sync skipped because a previous poll is still in flight.
[WebsiteVipBridge] Permission sync has no update; website revision=1783280152, local revision=1783280152.
[WebsiteVipBridge] Kit sync has no update; website revision=1783174810, local revision=1783174810.
[WebsiteClanBridge] Clan snapshot synced for 5 clans.
[WebsiteVipBridge] RP point request sync skipped because a previous poll is still in flight.
[WebsiteVipBridge] RP point request sync skipped because a previous poll is still in flight.
[WebsiteVipBridge] RP point request sync skipped because a previous poll is still in flight.
Saved 45,082 ents, cache(0.02), write(0.02), disk(0.01).
Saving complete
[WebsiteVipBridge] RP point request sync skipped because a previous poll is still in flight.
[WebsiteVipBridge] RP point request sync skipped because a previous poll is still in flight.
[WebsiteVipBridge] RP point request sync skipped because a previous poll is still in flight.
[WebsiteClanBridge] Clan snapshot synced for 5 clans.
[WebsiteVipBridge] Kit sync has no update; website revision=1783174810, local revision=1783174810.
[WebsiteVipBridge] Permission sync has no update; website revision=1783280152, local revision=1783280152.
[WebsiteVipBridge] RP point request sync skipped because a previous poll is still in flight.
[WebsiteVipBridge] RP point request sync skipped because a previous poll is still in flight.
[WebsiteVipBridge] Stats snapshot synced for 67 players and 2932 bots.
[WebsiteVipBridge] RP point request sync skipped because a previous poll is still in flight.
[WebsiteVipBridge] RP point request sync skipped because a previous poll is still in flight.
[WebsiteVipBridge] RP point request sync skipped because a previous poll is still in flight.
[WebsiteVipBridge] RP point request sync skipped because a previous poll is still in flight.
[WebsiteClanBridge] Clan snapshot synced for 5 clans.
[WebsiteVipBridge] Kit sync has no update; website revision=1783174810, local revision=1783174810.
[WebsiteVipBridge] Permission sync has no update; website revision=1783280152, local revision=1783280152.
[WebsiteVipBridge] RP point request sync skipped because a previous poll is still in flight.
Saved 45,082 ents, cache(0.03), write(0.02), disk(0.01).
Saving complete
server.headerimage: "https://raidlands.net/assets/media/rust-server-header-raidlands-1000x.png"
[WebsiteVipBridge] RP point request sync skipped because a previous poll is still in flight.
[WebsiteVipBridge] RP point request sync skipped because a previous poll is still in flight.
[WebsiteVipBridge] RP point request sync skipped because a previous poll is still in flight.
[WebsiteVipBridge] RP point request sync skipped because a previous poll is still in flight.
[WebsiteVipBridge] RP point request sync skipped because a previous poll is still in flight.
[WebsiteVipBridge] Permission sync has no update; website revision=1783280152, local revision=1783280152.
[WebsiteVipBridge] Kit sync has no update; website revision=1783174810, local revision=1783174810.
[WebsiteClanBridge] Clan snapshot synced for 5 clans.
[WebsiteVipBridge] Stats snapshot synced for 67 players and 2932 bots.
[WebsiteVipBridge] RP point request sync skipped because a previous poll is still in flight.
[WebsiteVipBridge] RP point request sync skipped because a previous poll is still in flight.
[WebsiteVipBridge] RP point request sync skipped because a previous poll is still in flight.
[WebsiteVipBridge] RP point request sync skipped because a previous poll is still in flight.
[RaidlandsRoamBots] Pruned decision trace JSONL from 132.3 MB to 48.1 MB; kept 50000 recent lines (cap 128.0 MB / 50000 lines).
[WebsiteVipBridge] RP point request sync skipped because a previous poll is still in flight.
Saved 45,083 ents, cache(0.03), write(0.03), disk(0.01).
Saving complete
[WebsiteVipBridge] Stats snapshot synced for 67 players and 2932 bots.
[WebsiteVipBridge] RP point request sync skipped because a previous poll is still in flight.
[WebsiteVipBridge] Permission sync has no update; website revision=1783280152, local revision=1783280152.
[WebsiteVipBridge] Kit sync has no update; website revision=1783174810, local revision=1783174810.
[WebsiteClanBridge] Clan snapshot synced for 5 clans.
[WebsiteVipBridge] RP point request sync skipped because a previous poll is still in flight.
[WebsiteVipBridge] RP point request sync skipped because a previous poll is still in flight.
[WebsiteVipBridge] RP point request sync skipped because a previous poll is still in flight.
[WebsiteVipBridge] RP point request sync skipped because a previous poll is still in flight.
[WebsiteVipBridge] Stats snapshot synced for 67 players and 2932 bots.
[WebsiteVipBridge] RP point request sync skipped because a previous poll is still in flight.
[WebsiteVipBridge] RP point request sync skipped because a previous poll is still in flight.
[WebsiteVipBridge] Kit sync has no update; website revision=1783174810, local revision=1783174810.
[WebsiteVipBridge] Permission sync has no update; website revision=1783280152, local revision=1783280152.
[WebsiteClanBridge] Clan snapshot synced for 5 clans.
[WebsiteVipBridge] RP point request sync skipped because a previous poll is still in flight.
[WebsiteVipBridge] RP point request sync skipped because a previous poll is still in flight.
[WebsiteVipBridge] RP point request sync skipped because a previous poll is still in flight.
Saved 45,056 ents, cache(0.05), write(0.04), disk(0.01).
Saving complete
[WebsiteVipBridge] RP point request sync skipped because a previous poll is still in flight.
[WebsiteVipBridge] RP point request sync skipped because a previous poll is still in flight.
[WebsiteVipBridge] RP point request sync skipped because a previous poll is still in flight.
[WebsiteVipBridge] Kit sync has no update; website revision=1783174810, local revision=1783174810.
[WebsiteVipBridge] Permission sync has no update; website revision=1783280152, local revision=1783280152.
[WebsiteClanBridge] Clan snapshot synced for 5 clans.
[WebsiteVipBridge] RP point request sync skipped because a previous poll is still in flight.
[WebsiteVipBridge] RP point request sync skipped because a previous poll is still in flight.
[WebsiteVipBridge] Stats snapshot synced for 67 players and 2932 bots.
[WebsiteVipBridge] RP point request sync skipped because a previous poll is still in flight.
[WebsiteVipBridge] RP point request sync skipped because a previous poll is still in flight.
[WebsiteVipBridge] RP point request sync skipped because a previous poll is still in flight.
[WebsiteVipBridge] RP point request sync skipped because a previous poll is still in flight.
[WebsiteVipBridge] Kit sync has no update; website revision=1783174810, local revision=1783174810.
[WebsiteVipBridge] Permission sync has no update; website revision=1783280152, local revision=1783280152.
[WebsiteClanBridge] Clan snapshot synced for 5 clans.
[WebsiteVipBridge] RP point request sync skipped because a previous poll is still in flight.
Saved 45,080 ents, cache(0.03), write(0.03), disk(0.01).
Saving complete
[WebsiteVipBridge] RP point request sync skipped because a previous poll is still in flight.
[WebsiteVipBridge] RP point request sync skipped because a previous poll is still in flight.
[WebsiteVipBridge] RP point request sync skipped because a previous poll is still in flight.
[WebsiteVipBridge] RP point request sync skipped because a previous poll is still in flight.
[WebsiteVipBridge] RP point request sync skipped because a previous poll is still in flight.
[WebsiteVipBridge] Kit sync has no update; website revision=1783174810, local revision=1783174810.
[WebsiteClanBridge] Clan snapshot synced for 5 clans.
[WebsiteVipBridge] Permission sync has no update; website revision=1783280152, local revision=1783280152.
[WebsiteVipBridge] Stats snapshot synced for 67 players and 2932 bots.
[WebsiteVipBridge] RP point request sync skipped because a previous poll is still in flight.
[WebsiteVipBridge] RP point request sync skipped because a previous poll is still in flight.
[WebsiteVipBridge] RP point request sync skipped because a previous poll is still in flight.
[WebsiteVipBridge] RP point request sync skipped because a previous poll is still in flight.
[RaidlandsRoamBots] Pruned decision trace JSONL from 132.7 MB to 48.1 MB; kept 50000 recent lines (cap 128.0 MB / 50000 lines).
[WebsiteVipBridge] RP point request sync skipped because a previous poll is still in flight.
Saved 45,080 ents, cache(0.03), write(0.03), disk(0.01).
Saving complete
[WebsiteVipBridge] Stats snapshot synced for 67 players and 2932 bots.
[WebsiteVipBridge] RP point request sync skipped because a previous poll is still in flight.
[WebsiteVipBridge] Permission sync has no update; website revision=1783280152, local revision=1783280152.
[WebsiteVipBridge] Kit sync has no update; website revision=1783174810, local revision=1783174810.
[WebsiteClanBridge] Clan snapshot synced for 5 clans.
[WebsiteVipBridge] RP point request sync skipped because a previous poll is still in flight.
[WebsiteVipBridge] RP point request sync skipped because a previous poll is still in flight.
[WebsiteVipBridge] RP point request sync skipped because a previous poll is still in flight.
[WebsiteVipBridge] RP point request sync skipped because a previous poll is still in flight.
[WebsiteVipBridge] Stats snapshot synced for 67 players and 2932 bots.
[WebsiteVipBridge] RP point request sync skipped because a previous poll is still in flight.
[WebsiteVipBridge] RP point request sync skipped because a previous poll is still in flight.
[WebsiteVipBridge] Kit sync has no update; website revision=1783174810, local revision=1783174810.
[WebsiteVipBridge] Permission sync has no update; website revision=1783280152, local revision=1783280152.
[WebsiteClanBridge] Clan snapshot synced for 5 clans.
[WebsiteVipBridge] RP point request sync skipped because a previous poll is still in flight.
[WebsiteVipBridge] RP point request sync skipped because a previous poll is still in flight.
[WebsiteVipBridge] RP point request sync skipped because a previous poll is still in flight.
Saved 45,080 ents, cache(0.02), write(0.03), disk(0.01).
Saving complete
[WebsiteVipBridge] RP point request sync skipped because a previous poll is still in flight.
[WebsiteVipBridge] RP point request sync skipped because a previous poll is still in flight.
[WebsiteVipBridge] RP point request sync skipped because a previous poll is still in flight.
[FancyDrop] Random Airdrop of type 'regular' incoming at: (-603, 19, 863) grid area: H5
[FancyDrop] Timed Airdrop initiated with command 'ad.random'
[FancyDrop] Next timed Airdrop in 41 minutes
[WebsiteClanBridge] Clan snapshot synced for 5 clans.
[WebsiteVipBridge] Kit sync has no update; website revision=1783174810, local revision=1783174810.
[WebsiteVipBridge] Permission sync has no update; website revision=1783280152, local revision=1783280152.
[WebsiteVipBridge] RP point request sync skipped because a previous poll is still in flight.
[WebsiteVipBridge] RP point request sync skipped because a previous poll is still in flight.
[WebsiteVipBridge] Stats snapshot synced for 67 players and 2932 bots.
[WebsiteVipBridge] RP point request sync skipped because a previous poll is still in flight.
[WebsiteVipBridge] RP point request sync skipped because a previous poll is still in flight.
[WebsiteVipBridge] RP point request sync skipped because a previous poll is still in flight.
[WebsiteVipBridge] RP point request sync skipped because a previous poll is still in flight.
[WebsiteVipBridge] Permission sync has no update; website revision=1783280152, local revision=1783280152.
[WebsiteVipBridge] Kit sync has no update; website revision=1783174810, local revision=1783174810.
[WebsiteClanBridge] Clan snapshot synced for 5 clans.
[WebsiteVipBridge] RP point request sync skipped because a previous poll is still in flight.
Saved 45,085 ents, cache(0.03), write(0.03), disk(0.01).
Saving complete
[WebsiteVipBridge] RP point request sync skipped because a previous poll is still in flight.
[WebsiteVipBridge] RP point request sync skipped because a previous poll is still in flight.
[WebsiteVipBridge] RP point request sync skipped because a previous poll is still in flight.
[WebsiteVipBridge] RP point request sync skipped because a previous poll is still in flight.
[WebsiteVipBridge] RP point request sync skipped because a previous poll is still in flight.
[WebsiteVipBridge] Permission sync has no update; website revision=1783280152, local revision=1783280152.
[WebsiteVipBridge] Kit sync has no update; website revision=1783174810, local revision=1783174810.
[WebsiteClanBridge] Clan snapshot synced for 5 clans.
[WebsiteVipBridge] Stats snapshot synced for 67 players and 2932 bots.
[WebsiteVipBridge] RP point request sync skipped because a previous poll is still in flight.
Checking for new Steam Item Definitions..
[WebsiteVipBridge] RP point request sync skipped because a previous poll is still in flight.
[WebsiteVipBridge] RP point request sync skipped because a previous poll is still in flight.
[WebsiteVipBridge] RP point request sync skipped because a previous poll is still in flight.
[RaidlandsRoamBots] Pruned decision trace JSONL from 131.2 MB to 48.1 MB; kept 50000 recent lines (cap 128.0 MB / 50000 lines).
[WebsiteVipBridge] RP point request sync skipped because a previous poll is still in flight.
Saved 45,069 ents, cache(0.03), write(0.03), disk(0.01).
Saving complete
[WebsiteVipBridge] Stats snapshot synced for 67 players and 2932 bots.
[WebsiteVipBridge] RP point request sync skipped because a previous poll is still in flight.
[WebsiteVipBridge] Kit sync has no update; website revision=1783174810, local revision=1783174810.
[WebsiteClanBridge] Clan snapshot synced for 5 clans.
[WebsiteVipBridge] Permission sync has no update; website revision=1783280152, local revision=1783280152.
[WebsiteVipBridge] RP point request sync skipped because a previous poll is still in flight.
[WebsiteVipBridge] RP point request sync skipped because a previous poll is still in flight.
[WebsiteVipBridge] RP point request sync skipped because a previous poll is still in flight.
[CSharp] Started Oxide.Compiler v successfully
Error while compiling PortableAirstrikesAnimationEditor: The name 'GetPreciseNow' does not exist in the current context | Line: 774, Pos: 44
Error while compiling PortableAirstrikesAnimationEditor: The name 'GetPreciseNow' does not exist in the current context | Line: 774, Pos: 44
[WebsiteVipBridge] RP point request sync skipped because a previous poll is still in flight.
[WebsiteVipBridge] Stats snapshot synced for 67 players and 2932 bots.
[WebsiteVipBridge] RP point request sync skipped because a previous poll is still in flight.
Shutting down compiler because idle shutdown
Compiler shutdown completed
[WebsiteVipBridge] RP point request sync skipped because a previous poll is still in flight.
[WebsiteVipBridge] Kit sync has no update; website revision=1783174810, local revision=1783174810.
[WebsiteVipBridge] Permission sync has no update; website revision=1783280152, local revision=1783280152.
[WebsiteClanBridge] Clan snapshot synced for 5 clans.
[WebsiteVipBridge] RP point request sync skipped because a previous poll is still in flight.
[WebsiteVipBridge] RP point request sync skipped because a previous poll is still in flight.
Calling 'OnFuelCheck' on 'SimpleNoVehicleFuel v1.1.1' took 131ms [GARBAGE COLLECT]
[CSharp] Started Oxide.Compiler v successfully
PortableAirstrikesAnimationEditor was compiled successfully in 1425ms
[PortableAirstrikesAnimationEditor] Loaded 5 visual profile(s). Admin editor command: /airanim.
Loaded plugin PortableAirstrikesAnimationEditor v0.1.1 by Raidlands
Unloaded plugin PortableAirstrikesAnimationEditor v0.1.1 by Raidlands
[PortableAirstrikesAnimationEditor] Loaded 5 visual profile(s). Admin editor command: /airanim.
Loaded plugin PortableAirstrikesAnimationEditor v0.1.1 by Raidlands
[WebsiteVipBridge] RP point request sync skipped because a previous poll is still in flight.
[WebsiteVipBridge] Posted permission snapshot to website (575 permissions, 51 groups).
Saved 45,058 ents, cache(0.03), write(0.03), disk(0.01).
Saving complete
[WebsiteVipBridge] RP point request sync skipped because a previous poll is still in flight.
Shutting down compiler because idle shutdown
Compiler shutdown completed
[WebsiteVipBridge] RP point request sync skipped because a previous poll is still in flight.
[WebsiteVipBridge] RP point request sync skipped because a previous poll is still in flight.
[WebsiteClanBridge] Clan snapshot synced for 5 clans.
[WebsiteVipBridge] Permission sync has no update; website revision=1783280152, local revision=1783280152.
[WebsiteVipBridge] Kit sync has no update; website revision=1783174810, local revision=1783174810.
[WebsiteVipBridge] RP point request sync skipped because a previous poll is still in flight.
[WebsiteVipBridge] RP point request sync skipped because a previous poll is still in flight.
[WebsiteVipBridge] Stats snapshot synced for 67 players and 2932 bots.
[WebsiteVipBridge] RP point request sync skipped because a previous poll is still in flight.
[WebsiteVipBridge] RP point request sync skipped because a previous poll is still in flight.
[WebsiteVipBridge] RP point request sync skipped because a previous poll is still in flight.
[WebsiteVipBridge] RP point request sync skipped because a previous poll is still in flight.
[WebsiteVipBridge] Permission sync has no update; website revision=1783280152, local revision=1783280152.
[WebsiteVipBridge] Kit sync has no update; website revision=1783174810, local revision=1783174810.
[WebsiteClanBridge] Clan snapshot synced for 5 clans.
[WebsiteVipBridge] RP point request sync skipped because a previous poll is still in flight.
Saved 45,078 ents, cache(0.04), write(0.02), disk(0.01).
Saving complete
[WebsiteVipBridge] RP point request sync skipped because a previous poll is still in flight.
[WebsiteVipBridge] RP point request sync skipped because a previous poll is still in flight.
[WebsiteVipBridge] RP point request sync skipped because a previous poll is still in flight.
[WebsiteVipBridge] RP point request sync skipped because a previous poll is still in flight.
[WebsiteVipBridge] RP point request sync skipped because a previous poll is still in flight.
[WebsiteVipBridge] Kit sync has no update; website revision=1783174810, local revision=1783174810.
[WebsiteVipBridge] Permission sync has no update; website revision=1783280152, local revision=1783280152.
[WebsiteClanBridge] Clan snapshot synced for 5 clans.
[WebsiteVipBridge] Stats snapshot synced for 67 players and 2932 bots.
[WebsiteVipBridge] RP point request sync skipped because a previous poll is still in flight.
[WebsiteVipBridge] RP point request sync skipped because a previous poll is still in flight.
[WebsiteVipBridge] RP point request sync skipped because a previous poll is still in flight.
Scientist[471] died (Generic)
Scientist[472] died (Generic)
Scientist[473] died (Generic)
Scientist[474] died (Generic)
Scientist[475] died (Generic)
Scientist[504] died (Generic)
Scientist[505] died (Generic)
Scientist[506] died (Generic)
Scientist[507] died (Generic)
Scientist[486] died (Generic)
Scientist[487] died (Generic)
Scientist[488] died (Generic)
Scientist[489] died (Generic)
[WebsiteVipBridge] RP point request sync skipped because a previous poll is still in flight.
Scientist[467] died (Generic)
Scientist[468] died (Generic)
Scientist[469] died (Generic)
Scientist[470] died (Generic)
Scientist[490] died (Generic)
Scientist[491] died (Generic)
Scientist[492] died (Generic)
Scientist[493] died (Generic)
Scientist[501] died (Generic)
Scientist[502] died (Generic)
Scientist[503] died (Generic)
Scientist[368] died (Generic)
Scientist[271] died (Generic)
Scientist[466] died (Generic)
[WebsiteVipBridge] RP point request sync skipped because a previous poll is still in flight.
[RaidlandsRoamBots] Pruned decision trace JSONL from 130.5 MB to 48.1 MB; kept 50000 recent lines (cap 128.0 MB / 50000 lines).
Saved 45,143 ents, cache(0.03), write(0.03), disk(0.01).
Saving complete
Scientist[497] died (Generic)
Scientist[498] died (Generic)
Scientist[499] died (Generic)
Scientist[500] died (Generic)
Scientist[476] died (Generic)
Scientist[477] died (Generic)
Scientist[478] died (Generic)
Scientist[479] died (Generic)
[WebsiteVipBridge] Stats snapshot synced for 67 players and 2932 bots.
[WebsiteVipBridge] RP point request sync skipped because a previous poll is still in flight.
[WebsiteVipBridge] Kit sync has no update; website revision=1783174810, local revision=1783174810.
[WebsiteClanBridge] Clan snapshot synced for 5 clans.
[WebsiteVipBridge] Permission sync has no update; website revision=1783280152, local revision=1783280152.
Scientist[494] died (Generic)
Scientist[495] died (Generic)
Scientist[496] died (Generic)
[WebsiteVipBridge] RP point request sync skipped because a previous poll is still in flight.
Scientist[508] died (Generic)
Scientist[509] died (Generic)
Scientist[510] died (Generic)
[WebsiteVipBridge] RP point request sync skipped because a previous poll is still in flight.
[WebsiteVipBridge] RP point request sync skipped because a previous poll is still in flight.
[WebsiteVipBridge] RP point request sync skipped because a previous poll is still in flight.
[WebsiteVipBridge] Stats snapshot synced for 67 players and 2932 bots.
[WebsiteVipBridge] RP point request sync skipped because a previous poll is still in flight.
[WebsiteVipBridge] RP point request sync skipped because a previous poll is still in flight.
[WebsiteVipBridge] Kit sync has no update; website revision=1783174810, local revision=1783174810.
[WebsiteClanBridge] Clan snapshot synced for 5 clans.
[WebsiteVipBridge] Permission sync has no update; website revision=1783280152, local revision=1783280152.
[WebsiteVipBridge] RP point request sync skipped because a previous poll is still in flight.
[WebsiteVipBridge] RP point request sync skipped because a previous poll is still in flight.
[WebsiteVipBridge] RP point request sync skipped because a previous poll is still in flight.
Saved 45,093 ents, cache(0.03), write(0.03), disk(0.01).
Saving complete
[WebsiteVipBridge] RP point request sync skipped because a previous poll is still in flight.
[WebsiteVipBridge] RP point request sync skipped because a previous poll is still in flight.
[WebsiteVipBridge] RP point request sync skipped because a previous poll is still in flight.
[WebsiteVipBridge] Kit sync has no update; website revision=1783174810, local revision=1783174810.
[WebsiteClanBridge] Clan snapshot synced for 5 clans.
[WebsiteVipBridge] Permission sync has no update; website revision=1783280152, local revision=1783280152.
[WebsiteVipBridge] RP point request sync skipped because a previous poll is still in flight.